x,pi_x,psi_x
2.000000000000000000e+00,1.000000000000000000e+00,1.000000000000000000e+00
2.098098098098097886e+00,1.000000000000000000e+00,9.353818274906205987e-01
2.196196196196196215e+00,1.000000000000000000e+00,8.810518794711265089e-01
2.294294294294294101e+00,1.000000000000000000e+00,8.346893829454841152e-01
2.392392392392392431e+00,1.000000000000000000e+00,7.946257647303365257e-01
2.490490490490490316e+00,1.000000000000000000e+00,7.596302683673810119e-01
2.588588588588588646e+00,1.000000000000000000e+00,7.287749619577293947e-01
2.686686686686686532e+00,1.000000000000000000e+00,7.013468230358043121e-01
2.784784784784784861e+00,1.000000000000000000e+00,6.767887935198101390e-01
2.882882882882882747e+00,1.000000000000000000e+00,6.546592435188546277e-01
2.980980980980981077e+00,1.000000000000000000e+00,6.346034658340727885e-01
3.079079079079078962e+00,2.000000000000000000e+00,1.593198287276058833e+00
3.177177177177177292e+00,2.000000000000000000e+00,1.549974160269679269e+00
3.275275275275275177e+00,2.000000000000000000e+00,1.510246603972468460e+00
3.373373373373373063e+00,2.000000000000000000e+00,1.473591538739505324e+00
3.471471471471471393e+00,2.000000000000000000e+00,1.439651563903759257e+00
3.569569569569569722e+00,2.000000000000000000e+00,1.408123291288091439e+00
3.667667667667667608e+00,2.000000000000000000e+00,1.378747466135439970e+00
3.765765765765765494e+00,2.000000000000000000e+00,1.351301184425695245e+00
3.863863863863863823e+00,2.000000000000000000e+00,1.325591704742930865e+00
3.961961961961962153e+00,2.000000000000000000e+00,1.301451485688644327e+00
4.060060060060060039e+00,2.000000000000000000e+00,1.773416079428797643e+00
4.158158158158157924e+00,2.000000000000000000e+00,1.743705760888592637e+00
4.256256256256255810e+00,2.000000000000000000e+00,1.715633715379179636e+00
4.354354354354354584e+00,2.000000000000000000e+00,1.689061041186500134e+00
4.452452452452452469e+00,2.000000000000000000e+00,1.663864364496249859e+00
4.550550550550550355e+00,2.000000000000000000e+00,1.639933713524196701e+00
4.648648648648649129e+00,2.000000000000000000e+00,1.617170733780844527e+00
4.746746746746746126e+00,2.000000000000000000e+00,1.595487182152002248e+00
4.844844844844844900e+00,2.000000000000000000e+00,1.574803650170358171e+00
4.942942942942942786e+00,2.000000000000000000e+00,1.555048476708319916e+00
5.041041041041040671e+00,3.000000000000000000e+00,2.531103256996884543e+00
5.139139139139139445e+00,3.000000000000000000e+00,2.501301621376704976e+00
5.237237237237236442e+00,3.000000000000000000e+00,2.472737719258624622e+00
5.335335335335335216e+00,3.000000000000000000e+00,2.445331209714856957e+00
5.433433433433433102e+00,3.000000000000000000e+00,2.419008701012411944e+00
5.531531531531530987e+00,3.000000000000000000e+00,2.393703008303848190e+00
5.629629629629629761e+00,3.000000000000000000e+00,2.369352504926493186e+00
5.727727727727727647e+00,3.000000000000000000e+00,2.345900553785280174e+00
5.825825825825825532e+00,3.000000000000000000e+00,2.323295007485997488e+00
5.923923923923924306e+00,3.000000000000000000e+00,2.301487767685431063e+00
6.022022022022022192e+00,3.000000000000000000e+00,2.280434395608921694e+00
6.120120120120120077e+00,3.000000000000000000e+00,2.260093766914756053e+00
6.218218218218217963e+00,3.000000000000000000e+00,2.240427765106288938e+00
6.316316316316315849e+00,3.000000000000000000e+00,2.221401008545107469e+00
6.414414414414414622e+00,3.000000000000000000e+00,2.202980606832305455e+00
6.512512512512512508e+00,3.000000000000000000e+00,2.185135942924812724e+00
6.610610610610610394e+00,3.000000000000000000e+00,2.167838477859445945e+00
6.708708708708708279e+00,3.000000000000000000e+00,2.151061575385173619e+00
6.806806806806806165e+00,3.000000000000000000e+00,2.134780344167056754e+00
6.904904904904904939e+00,3.000000000000000000e+00,2.118971495534241800e+00
7.003003003003002824e+00,4.000000000000000000e+00,3.103392848246655955e+00
7.101101101101100710e+00,4.000000000000000000e+00,3.081369801241619744e+00
7.199199199199198596e+00,4.000000000000000000e+00,3.059952953139614351e+00
7.297297297297297369e+00,4.000000000000000000e+00,3.039115679969342843e+00
7.395395395395395255e+00,4.000000000000000000e+00,3.018832936421214974e+00
7.493493493493493141e+00,4.000000000000000000e+00,2.999081139071991142e+00
7.591591591591591026e+00,4.000000000000000000e+00,2.979838059894786451e+00
7.689689689689689800e+00,4.000000000000000000e+00,2.961082729008551517e+00
7.787787787787787686e+00,4.000000000000000000e+00,2.942795345741227919e+00
7.885885885885885571e+00,4.000000000000000000e+00,2.924957197185607871e+00
7.983983983983983457e+00,4.000000000000000000e+00,2.907550583518515808e+00
8.082082082082081342e+00,4.000000000000000000e+00,3.222263742548535870e+00
8.180180180180180116e+00,4.000000000000000000e+00,3.203766698915692768e+00
8.278278278278278890e+00,4.000000000000000000e+00,3.185697559886155439e+00
8.376376376376375887e+00,4.000000000000000000e+00,3.168040406398845654e+00
8.474474474474472885e+00,4.000000000000000000e+00,3.150780122801716043e+00
8.572572572572571659e+00,4.000000000000000000e+00,3.133902346083313084e+00
8.670670670670670432e+00,4.000000000000000000e+00,3.117393418936052818e+00
8.768768768768769206e+00,4.000000000000000000e+00,3.101240346316421981e+00
8.866866866866866204e+00,4.000000000000000000e+00,3.085430755200430752e+00
8.964964964964964977e+00,4.000000000000000000e+00,3.069952857262110424e+00
9.063063063063061975e+00,4.000000000000000000e+00,3.553211495037783330e+00
9.161161161161160749e+00,4.000000000000000000e+00,3.535941255466366062e+00
9.259259259259259522e+00,4.000000000000000000e+00,3.519019384234018499e+00
9.357357357357358296e+00,4.000000000000000000e+00,3.502434514465996518e+00
9.455455455455455294e+00,4.000000000000000000e+00,3.486175784213167095e+00
9.553553553553552291e+00,4.000000000000000000e+00,3.470232808293474580e+00
9.651651651651651065e+00,4.000000000000000000e+00,3.454595652013166429e+00
9.749749749749749839e+00,4.000000000000000000e+00,3.439254806622213056e+00
9.847847847847848612e+00,4.000000000000000000e+00,3.424201166371167115e+00
9.945945945945945610e+00,4.000000000000000000e+00,3.409426007048196983e+00
1.004404404404404438e+01,4.000000000000000000e+00,3.394920965885501296e+00
1.014214214214214138e+01,4.000000000000000000e+00,3.380678022733667909e+00
1.024024024024024015e+01,4.000000000000000000e+00,3.366689482411101331e+00
1.033833833833833715e+01,4.000000000000000000e+00,3.352947958143361884e+00
1.043643643643643593e+01,4.000000000000000000e+00,3.339446356014255546e+00
1.053453453453453470e+01,4.000000000000000000e+00,3.326177860356877236e+00
1.063263263263263170e+01,4.000000000000000000e+00,3.313135920018616787e+00
1.073073073073073047e+01,4.000000000000000000e+00,3.300314235439365529e+00
1.082882882882882924e+01,4.000000000000000000e+00,3.287706746486995346e+00
1.092692692692692624e+01,4.000000000000000000e+00,3.275307620998519909e+00
1.102502502502502502e+01,5.000000000000000000e+00,4.262164469141986878e+00
1.112312312312312201e+01,5.000000000000000000e+00,4.246491737360266860e+00
1.122122122122122079e+01,5.000000000000000000e+00,4.231069958978580736e+00
1.131931931931931956e+01,5.000000000000000000e+00,4.215892573972290336e+00
1.141741741741741656e+01,5.000000000000000000e+00,4.200953257055861201e+00
1.151551551551551533e+01,5.000000000000000000e+00,4.186245907094201968e+00
1.161361361361361233e+01,5.000000000000000000e+00,4.171764637087713723e+00
1.171171171171171110e+01,5.000000000000000000e+00,4.157503764694856940e+00
1.180980980980980988e+01,5.000000000000000000e+00,4.143457803258674410e+00
1.190790790790790687e+01,5.000000000000000000e+00,4.129621453306100420e+00
1.200600600600600565e+01,5.000000000000000000e+00,4.115989594491053616e+00
1.210410410410410442e+01,5.000000000000000000e+00,4.102557277954344883e+00
1.220220220220220142e+01,5.000000000000000000e+00,4.089319719075310999e+00
1.230030030030030019e+01,5.000000000000000000e+00,4.076272290591779424e+00
1.239839839839839719e+01,5.000000000000000000e+00,4.063410516066578992e+00
1.249649649649649596e+01,5.000000000000000000e+00,4.050730063680259896e+00
1.259459459459459474e+01,5.000000000000000000e+00,4.038226740331070985e+00
1.269269269269269174e+01,5.000000000000000000e+00,4.025896486024460152e+00
1.279079079079079051e+01,5.000000000000000000e+00,4.013735368535566117e+00
1.288888888888888928e+01,5.000000000000000000e+00,4.001739578329212677e+00
1.298698698698698628e+01,5.000000000000000000e+00,3.989905423722944100e+00
1.308508508508508505e+01,6.000000000000000000e+00,4.975692383098667904e+00
1.318318318318318205e+01,6.000000000000000000e+00,4.961282080381968385e+00
1.328128128128128083e+01,6.000000000000000000e+00,4.947060916452207913e+00
1.337937937937937960e+01,6.000000000000000000e+00,4.933024808628771574e+00
1.347747747747747660e+01,6.000000000000000000e+00,4.919169795386881816e+00
1.357557557557557537e+01,6.000000000000000000e+00,4.905492031810932296e+00
1.367367367367367237e+01,6.000000000000000000e+00,4.891987785253292920e+00
1.377177177177177114e+01,6.000000000000000000e+00,4.878653431187757405e+00
1.386986986986986992e+01,6.000000000000000000e+00,4.865485449247459293e+00
1.396796796796796691e+01,6.000000000000000000e+00,4.852480419437683601e+00
1.406606606606606569e+01,6.000000000000000000e+00,4.839635018514571563e+00
1.416416416416416446e+01,6.000000000000000000e+00,4.826946016521237226e+00
1.426226226226226146e+01,6.000000000000000000e+00,4.814410273473320956e+00
1.436036036036036023e+01,6.000000000000000000e+00,4.802024736186454312e+00
1.445845845845845723e+01,6.000000000000000000e+00,4.789786435238546858e+00
1.455655655655655600e+01,6.000000000000000000e+00,4.777692482060212242e+00
1.465465465465465478e+01,6.000000000000000000e+00,4.765740066147024834e+00
1.475275275275275177e+01,6.000000000000000000e+00,4.753926452387653434e+00
1.485085085085085055e+01,6.000000000000000000e+00,4.742248978502243695e+00
1.494894894894894755e+01,6.000000000000000000e+00,4.730705052585758352e+00
1.504704704704704632e+01,6.000000000000000000e+00,4.719292150751227766e+00
1.514514514514514509e+01,6.000000000000000000e+00,4.708007814868196306e+00
1.524324324324324209e+01,6.000000000000000000e+00,4.696849650391853537e+00
1.534134134134134086e+01,6.000000000000000000e+00,4.685815324278611804e+00
1.543943943943943964e+01,6.000000000000000000e+00,4.674902562984113885e+00
1.553753753753753664e+01,6.000000000000000000e+00,4.664109150539861304e+00
1.563563563563563541e+01,6.000000000000000000e+00,4.653432926704855532e+00
1.573373373373373241e+01,6.000000000000000000e+00,4.642871785188839695e+00
1.583183183183183118e+01,6.000000000000000000e+00,4.632423671943895371e+00
1.592992992992992995e+01,6.000000000000000000e+00,4.622086583521328507e+00
1.602802802802802518e+01,6.000000000000000000e+00,4.861700850512600702e+00
1.612612612612612395e+01,6.000000000000000000e+00,4.851031709952999371e+00
1.622422422422422272e+01,6.000000000000000000e+00,4.840473576601537431e+00
1.632232232232232150e+01,6.000000000000000000e+00,4.830024535787320161e+00
1.642042042042042027e+01,6.000000000000000000e+00,4.819682718449305625e+00
1.651851851851851904e+01,6.000000000000000000e+00,4.809446299757767385e+00
1.661661661661661782e+01,6.000000000000000000e+00,4.799313497786075189e+00
1.671471471471471659e+01,6.000000000000000000e+00,4.789282572230635360e+00
1.681281281281281181e+01,6.000000000000000000e+00,4.779351823176963165e+00
1.691091091091091059e+01,6.000000000000000000e+00,4.769519589909918089e+00
1.700900900900900581e+01,7.000000000000000000e+00,5.759597288101202750e+00
1.710710710710710458e+01,7.000000000000000000e+00,5.747932325257620434e+00
1.720520520520520336e+01,7.000000000000000000e+00,5.736380814155651819e+00
1.730330330330330213e+01,7.000000000000000000e+00,5.724940921569637631e+00
1.740140140140140090e+01,7.000000000000000000e+00,5.713610855236140651e+00
1.749949949949949968e+01,7.000000000000000000e+00,5.702388862691608828e+00
1.759759759759759845e+01,7.000000000000000000e+00,5.691273230149881179e+00
1.769569569569569722e+01,7.000000000000000000e+00,5.680262281417960857e+00
1.779379379379379245e+01,7.000000000000000000e+00,5.669354376848513510e+00
1.789189189189189122e+01,7.000000000000000000e+00,5.658547912327642315e+00
1.798998998998998999e+01,7.000000000000000000e+00,5.647841318296556778e+00
1.808808808808808877e+01,7.000000000000000000e+00,5.637233058805783514e+00
1.818618618618618399e+01,7.000000000000000000e+00,5.626721630600695967e+00
1.828428428428428276e+01,7.000000000000000000e+00,5.616305562237098314e+00
1.838238238238238154e+01,7.000000000000000000e+00,5.605983413225748890e+00
1.848048048048048031e+01,7.000000000000000000e+00,5.595753773204694248e+00
1.857857857857857908e+01,7.000000000000000000e+00,5.585615261138364041e+00
1.867667667667667430e+01,7.000000000000000000e+00,5.575566524542410640e+00
1.877477477477477308e+01,7.000000000000000000e+00,5.565606238733320943e+00
1.887287287287287185e+01,7.000000000000000000e+00,5.555733106101893526e+00
1.897097097097097063e+01,7.000000000000000000e+00,5.545945855409661007e+00
1.906906906906906940e+01,8.000000000000000000e+00,6.535012393233562200e+00
1.916716716716716817e+01,8.000000000000000000e+00,6.523657837765143519e+00
1.926526526526526339e+01,8.000000000000000000e+00,6.512400334935588120e+00
1.936336336336336217e+01,8.000000000000000000e+00,6.501238500883524729e+00
1.946146146146146094e+01,8.000000000000000000e+00,6.490170979096208548e+00
1.955955955955955972e+01,8.000000000000000000e+00,6.479196439722018752e+00
1.965765765765765849e+01,8.000000000000000000e+00,6.468313578903870820e+00
1.975575575575575371e+01,8.000000000000000000e+00,6.457521118132794058e+00
1.985385385385385248e+01,8.000000000000000000e+00,6.446817803620958465e+00
1.995195195195195126e+01,8.000000000000000000e+00,6.436202405693473239e+00
2.005005005005005003e+01,8.000000000000000000e+00,6.425673718198292583e+00
2.014814814814814881e+01,8.000000000000000000e+00,6.415230557933592870e+00
2.024624624624624403e+01,8.000000000000000000e+00,6.404871764092034070e+00
2.034434434434434280e+01,8.000000000000000000e+00,6.394596197721295283e+00
2.044244244244244157e+01,8.000000000000000000e+00,6.384402741200353226e+00
2.054054054054054035e+01,8.000000000000000000e+00,6.374290297730943244e+00
2.063863863863863912e+01,8.000000000000000000e+00,6.364257790843704576e+00
2.073673673673673434e+01,8.000000000000000000e+00,6.354304163918502724e+00
2.083483483483483312e+01,8.000000000000000000e+00,6.344428379718452859e+00
2.093293293293293189e+01,8.000000000000000000e+00,6.334629419937196637e+00
2.103103103103103066e+01,8.000000000000000000e+00,6.324906284758968766e+00
2.112912912912912944e+01,8.000000000000000000e+00,6.315257992431060785e+00
2.122722722722722466e+01,8.000000000000000000e+00,6.305683578848238824e+00
2.132532532532532343e+01,8.000000000000000000e+00,6.296182097148752987e+00
2.142342342342342221e+01,8.000000000000000000e+00,6.286752617321543113e+00
2.152152152152152098e+01,8.000000000000000000e+00,6.277394225824280305e+00
2.161961961961961975e+01,8.000000000000000000e+00,6.268106025211895194e+00
2.171771771771771853e+01,8.000000000000000000e+00,6.258887133775255407e+00
2.181581581581581375e+01,8.000000000000000000e+00,6.249736685189671626e+00
2.191391391391391252e+01,8.000000000000000000e+00,6.240653828172907147e+00
2.201201201201201130e+01,8.000000000000000000e+00,6.231637726152403189e+00
2.211011011011011007e+01,8.000000000000000000e+00,6.222687556941420617e+00
2.220820820820820884e+01,8.000000000000000000e+00,6.213802512423821867e+00
2.230630630630630407e+01,8.000000000000000000e+00,6.204981798247218627e+00
2.240440440440440284e+01,8.000000000000000000e+00,6.196224633524228587e+00
2.250250250250250161e+01,8.000000000000000000e+00,6.187530250541591670e+00
2.260060060060060039e+01,8.000000000000000000e+00,6.178897894476903296e+00
2.269869869869869916e+01,8.000000000000000000e+00,6.170326823122719517e+00
2.279679679679679438e+01,8.000000000000000000e+00,6.161816306617820871e+00
2.289489489489489316e+01,8.000000000000000000e+00,6.153365627185428011e+00
2.299299299299299193e+01,8.000000000000000000e+00,6.144974078878122192e+00
2.309109109109109070e+01,9.000000000000000000e+00,7.135381936578478523e+00
2.318918918918918948e+01,9.000000000000000000e+00,7.125759760699235557e+00
2.328728728728728470e+01,9.000000000000000000e+00,7.116203956713504475e+00
2.338538538538538347e+01,9.000000000000000000e+00,7.106713755981601821e+00
2.348348348348348225e+01,9.000000000000000000e+00,7.097288402244921635e+00
2.358158158158158102e+01,9.000000000000000000e+00,7.087927151371611778e+00
2.367967967967967979e+01,9.000000000000000000e+00,7.078629271108593635e+00
2.377777777777777857e+01,9.000000000000000000e+00,7.069394040839728000e+00
2.387587587587587379e+01,9.000000000000000000e+00,7.060220751349938872e+00
2.397397397397397256e+01,9.000000000000000000e+00,7.051108704595155707e+00
2.407207207207207134e+01,9.000000000000000000e+00,7.042057213477862732e+00
2.417017017017017011e+01,9.000000000000000000e+00,7.033065601628131880e+00
2.426826826826826888e+01,9.000000000000000000e+00,7.024133203189961705e+00
2.436636636636636410e+01,9.000000000000000000e+00,7.015259362612772165e+00
2.446446446446446288e+01,9.000000000000000000e+00,7.006443434447928276e+00
2.456256256256256165e+01,9.000000000000000000e+00,6.997684783150116772e+00
2.466066066066066043e+01,9.000000000000000000e+00,6.988982782883478073e+00
2.475875875875875920e+01,9.000000000000000000e+00,6.980336817332325694e+00
2.485685685685685442e+01,9.000000000000000000e+00,6.971746279516356282e+00
2.495495495495495319e+01,9.000000000000000000e+00,6.963210571610193966e+00
2.505305305305305197e+01,9.000000000000000000e+00,7.454400033604110298e+00
2.515115115115115074e+01,9.000000000000000000e+00,7.445366721876117033e+00
2.524924924924924952e+01,9.000000000000000000e+00,7.436390314057811146e+00
2.534734734734734474e+01,9.000000000000000000e+00,7.427470206777786466e+00
2.544544544544544351e+01,9.000000000000000000e+00,7.418605805575843704e+00
2.554354354354354228e+01,9.000000000000000000e+00,7.409796524735001277e+00
2.564164164164164106e+01,9.000000000000000000e+00,7.401041787117332404e+00
2.573973973973973983e+01,9.000000000000000000e+00,7.392341024003558303e+00
2.583783783783783505e+01,9.000000000000000000e+00,7.383693674936270490e+00
2.593593593593593383e+01,9.000000000000000000e+00,7.375099187566696912e+00
2.603403403403403260e+01,9.000000000000000000e+00,7.366557017504921312e+00
2.613213213213213137e+01,9.000000000000000000e+00,7.358066628173454582e+00
2.623023023023023015e+01,9.000000000000000000e+00,7.349627490664085272e+00
2.632832832832832892e+01,9.000000000000000000e+00,7.341239083597895565e+00
2.642642642642642414e+01,9.000000000000000000e+00,7.332900892988395647e+00
2.652452452452452292e+01,9.000000000000000000e+00,7.324612412107669890e+00
2.662262262262262169e+01,9.000000000000000000e+00,7.316373141355464682e+00
2.672072072072072046e+01,9.000000000000000000e+00,7.308182588131144186e+00
2.681881881881881924e+01,9.000000000000000000e+00,7.300040266708436754e+00
2.691691691691691446e+01,9.000000000000000000e+00,7.291945698112900942e+00
2.701501501501501323e+01,9.000000000000000000e+00,7.617175524601318415e+00
2.711311311311311201e+01,9.000000000000000000e+00,7.608808986911082428e+00
2.721121121121121078e+01,9.000000000000000000e+00,7.600490925448131208e+00
2.730930930930930955e+01,9.000000000000000000e+00,7.592220866338462493e+00
2.740740740740740478e+01,9.000000000000000000e+00,7.583998342168354334e+00
2.750550550550550355e+01,9.000000000000000000e+00,7.575822891871839992e+00
2.760360360360360232e+01,9.000000000000000000e+00,7.567694060620569374e+00
2.770170170170170110e+01,9.000000000000000000e+00,7.559611399715993052e+00
2.779979979979979987e+01,9.000000000000000000e+00,7.551574466483796932e+00
2.789789789789789509e+01,9.000000000000000000e+00,7.543582824170556478e+00
2.799599599599599387e+01,9.000000000000000000e+00,7.535636041842538546e+00
2.809409409409409264e+01,9.000000000000000000e+00,7.527733694286605548e+00
2.819219219219219141e+01,9.000000000000000000e+00,7.519875361913167744e+00
2.829029029029029019e+01,9.000000000000000000e+00,7.512060630661129501e+00
2.838838838838838896e+01,9.000000000000000000e+00,7.504289091904800202e+00
2.848648648648648418e+01,9.000000000000000000e+00,7.496560342362697860e+00
2.858458458458458296e+01,9.000000000000000000e+00,7.488873984008207252e+00
2.868268268268268173e+01,9.000000000000000000e+00,7.481229623982068588e+00
2.878078078078078050e+01,9.000000000000000000e+00,7.473626874506620332e+00
2.887887887887887928e+01,9.000000000000000000e+00,7.466065352801778410e+00
2.897697697697697450e+01,9.000000000000000000e+00,7.458544681002701182e+00
2.907507507507507327e+01,1.000000000000000000e+01,8.450297263047335861e+00
2.917317317317317205e+01,1.000000000000000000e+01,8.441859416185453213e+00
2.927127127127127082e+01,1.000000000000000000e+01,8.433466644372598964e+00
2.936936936936936959e+01,1.000000000000000000e+01,8.425118540470549533e+00
2.946746746746746481e+01,1.000000000000000000e+01,8.416814702475772236e+00
2.956556556556556359e+01,1.000000000000000000e+01,8.408554733436625739e+00
2.966366366366366236e+01,1.000000000000000000e+01,8.400338241372180548e+00
2.976176176176176114e+01,1.000000000000000000e+01,8.392164839192627568e+00
2.985985985985985991e+01,1.000000000000000000e+01,8.384034144621230311e+00
2.995795795795795513e+01,1.000000000000000000e+01,8.375945780117794115e+00
3.005605605605605390e+01,1.000000000000000000e+01,8.367899372803613289e+00
3.015415415415415268e+01,1.000000000000000000e+01,8.359894554387865995e+00
3.025225225225225145e+01,1.000000000000000000e+01,8.351930961095408890e+00
3.035035035035035023e+01,1.000000000000000000e+01,8.344008233595973323e+00
3.044844844844844545e+01,1.000000000000000000e+01,8.336126016934690242e+00
3.054654654654654422e+01,1.000000000000000000e+01,8.328283960463952695e+00
3.064464464464464299e+01,1.000000000000000000e+01,8.320481717776546660e+00
3.074274274274274177e+01,1.000000000000000000e+01,8.312718946640067941e+00
3.084084084084084054e+01,1.000000000000000000e+01,8.304995308932552334e+00
3.093893893893893932e+01,1.000000000000000000e+01,8.297310470579324360e+00
3.103703703703703454e+01,1.100000000000000000e+01,9.289316512845433138e+00
3.113513513513513331e+01,1.100000000000000000e+01,9.280790809217261739e+00
3.123323323323323208e+01,1.100000000000000000e+01,9.272307487207584131e+00
3.133133133133133086e+01,1.100000000000000000e+01,9.263866189915253457e+00
3.142942942942942963e+01,1.100000000000000000e+01,9.255466564639867499e+00
3.152752752752752485e+01,1.100000000000000000e+01,9.247108262818498403e+00
3.162562562562562363e+01,1.100000000000000000e+01,9.238790939963591242e+00
3.172372372372372240e+01,1.100000000000000000e+01,9.230514255601992346e+00
3.182182182182182117e+01,1.100000000000000000e+01,9.222277873215084298e+00
3.191991991991991995e+01,1.100000000000000000e+01,9.214081460180006289e+00
3.201801801801801162e+01,1.100000000000000000e+01,9.405892208999993898e+00
3.211611611611611750e+01,1.100000000000000000e+01,9.397598427848727454e+00
3.221421421421420916e+01,1.100000000000000000e+01,9.389344488002016931e+00
3.231231231231231504e+01,1.100000000000000000e+01,9.381130064954231074e+00
3.241041041041040671e+01,1.100000000000000000e+01,9.372954837895676405e+00
3.250850850850850549e+01,1.100000000000000000e+01,9.364818489658706113e+00
3.260660660660660426e+01,1.100000000000000000e+01,9.356720706664805931e+00
3.270470470470470303e+01,1.100000000000000000e+01,9.348661178872600175e+00
3.280280280280280181e+01,1.100000000000000000e+01,9.340639599726779707e+00
3.290090090090090058e+01,1.100000000000000000e+01,9.332655666107930514e+00
3.299899899899899935e+01,1.100000000000000000e+01,9.324709078283229147e+00
3.309709709709709102e+01,1.100000000000000000e+01,9.316799539858010348e+00
3.319519519519519690e+01,1.100000000000000000e+01,9.308926757728164247e+00
3.329329329329328857e+01,1.100000000000000000e+01,9.301090442033379091e+00
3.339139139139139445e+01,1.100000000000000000e+01,9.293290306111162025e+00
3.348948948948948612e+01,1.100000000000000000e+01,9.285526066451687655e+00
3.358758758758758489e+01,1.100000000000000000e+01,9.277797442653389126e+00
3.368568568568568367e+01,1.100000000000000000e+01,9.270104157379334353e+00
3.378378378378378244e+01,1.100000000000000000e+01,9.262445936314335881e+00
3.388188188188188121e+01,1.100000000000000000e+01,9.254822508122787283e+00
3.397997997997997999e+01,1.100000000000000000e+01,9.247233604407222529e+00
3.407807807807807876e+01,1.100000000000000000e+01,9.239678959667582347e+00
3.417617617617617753e+01,1.100000000000000000e+01,9.232158311261144945e+00
3.427427427427427631e+01,1.100000000000000000e+01,9.224671399363154833e+00
3.437237237237236798e+01,1.100000000000000000e+01,9.217217966928100026e+00
3.447047047047046675e+01,1.100000000000000000e+01,9.209797759651632276e+00
3.456856856856856552e+01,1.100000000000000000e+01,9.202410525933139240e+00
3.466666666666666430e+01,1.100000000000000000e+01,9.195056016838917046e+00
3.476476476476476307e+01,1.100000000000000000e+01,9.187733986065964586e+00
3.486286286286286185e+01,1.100000000000000000e+01,9.180444189906380004e+00
3.496096096096096062e+01,1.100000000000000000e+01,9.173186387212330928e+00
3.505905905905905939e+01,1.100000000000000000e+01,9.165960339361609144e+00
3.515715715715715817e+01,1.100000000000000000e+01,9.158765810223750137e+00
3.525525525525525694e+01,1.100000000000000000e+01,9.151602566126690874e+00
3.535335335335334861e+01,1.100000000000000000e+01,9.144470375823999575e+00
3.545145145145144738e+01,1.100000000000000000e+01,9.137369010462599306e+00
3.554954954954954616e+01,1.100000000000000000e+01,9.130298243551047577e+00
3.564764764764764493e+01,1.100000000000000000e+01,9.123257850928307988e+00
3.574574574574574370e+01,1.100000000000000000e+01,9.116247610733031692e+00
3.584384384384384248e+01,1.100000000000000000e+01,9.109267303373330904e+00
3.594194194194194125e+01,1.100000000000000000e+01,9.102316711497026702e+00
3.604004004004004003e+01,1.100000000000000000e+01,9.095395619962394207e+00
3.613813813813813880e+01,1.100000000000000000e+01,9.088503815809344744e+00
3.623623623623623757e+01,1.100000000000000000e+01,9.081641088231084069e+00
3.633433433433433635e+01,1.100000000000000000e+01,9.074807228546214688e+00
3.643243243243242802e+01,1.100000000000000000e+01,9.068002030171275152e+00
3.653053053053052679e+01,1.100000000000000000e+01,9.061225288593707461e+00
3.662862862862862556e+01,1.100000000000000000e+01,9.054476801345261450e+00
3.672672672672672434e+01,1.100000000000000000e+01,9.047756367975802405e+00
3.682482482482482311e+01,1.100000000000000000e+01,9.041063790027530800e+00
3.692292292292292188e+01,1.100000000000000000e+01,9.034398871009605259e+00
3.702102102102102066e+01,1.200000000000000000e+01,1.002760414748355267e+01
3.711911911911911943e+01,1.200000000000000000e+01,1.002026187354976017e+01
3.721721721721721821e+01,1.200000000000000000e+01,1.001294967990410711e+01
3.731531531531531698e+01,1.200000000000000000e+01,1.000566735675992902e+01
3.741341341341340865e+01,1.200000000000000000e+01,9.998414696380818256e+00
3.751151151151150742e+01,1.200000000000000000e+01,9.991191493054934369e+00
3.760960960960960620e+01,1.200000000000000000e+01,9.983997543069717651e+00
3.770770770770770497e+01,1.200000000000000000e+01,9.976832644686972174e+00
3.780580580580580374e+01,1.200000000000000000e+01,9.969696598118346742e+00
3.790390390390390252e+01,1.200000000000000000e+01,9.962589205501171108e+00
3.800200200200200129e+01,1.200000000000000000e+01,9.955510270874663448e+00
3.810010010010010006e+01,1.200000000000000000e+01,9.948459600156486005e+00
3.819819819819819884e+01,1.200000000000000000e+01,9.941437001119677319e+00
3.829629629629629761e+01,1.200000000000000000e+01,9.934442283369891769e+00
3.839439439439438928e+01,1.200000000000000000e+01,9.927475258323019247e+00
3.849249249249248805e+01,1.200000000000000000e+01,9.920535739183105051e+00
3.859059059059058683e+01,1.200000000000000000e+01,9.913623540920610822e+00
3.868868868868868560e+01,1.200000000000000000e+01,9.906738480251009449e+00
3.878678678678678438e+01,1.200000000000000000e+01,9.899880375613667738e+00
3.888488488488488315e+01,1.200000000000000000e+01,9.893049047151070141e+00
3.898298298298298192e+01,1.200000000000000000e+01,9.886244316688317824e+00
3.908108108108108070e+01,1.200000000000000000e+01,9.879466007712958131e+00
3.917917917917917947e+01,1.200000000000000000e+01,9.872713945355085841e+00
3.927727727727727824e+01,1.200000000000000000e+01,9.865987956367744616e+00
3.937537537537537702e+01,1.200000000000000000e+01,9.859287869107609126e+00
3.947347347347346869e+01,1.200000000000000000e+01,9.852613513515953159e+00
3.957157157157156746e+01,1.200000000000000000e+01,9.845964721099884187e+00
3.966966966966966623e+01,1.200000000000000000e+01,9.839341324913853271e+00
3.976776776776776501e+01,1.200000000000000000e+01,9.832743159541438516e+00
3.986586586586586378e+01,1.200000000000000000e+01,9.826170061077368345e+00
3.996396396396396256e+01,1.200000000000000000e+01,9.819621867109828983e+00
4.006206206206206133e+01,1.200000000000000000e+01,9.813098416702999316e+00
4.016016016016016010e+01,1.200000000000000000e+01,9.806599550379853980e+00
4.025825825825825888e+01,1.200000000000000000e+01,9.800125110105200932e+00
4.035635635635635765e+01,1.200000000000000000e+01,9.793674939268957047e+00
4.045445445445444932e+01,1.200000000000000000e+01,9.787248882669668859e+00
4.055255255255254809e+01,1.200000000000000000e+01,9.780846786498255341e+00
4.065065065065064687e+01,1.200000000000000000e+01,9.774468498321985166e+00
4.074874874874874564e+01,1.200000000000000000e+01,9.768113867068681344e+00
4.084684684684684441e+01,1.200000000000000000e+01,9.761782743011140795e+00
4.094494494494494319e+01,1.200000000000000000e+01,9.755474977751767085e+00
4.104304304304304196e+01,1.300000000000000000e+01,1.074890795137000943e+01
4.114114114114114074e+01,1.300000000000000000e+01,1.074200438799078405e+01
4.123923923923923951e+01,1.300000000000000000e+01,1.073512609649145411e+01
4.133733733733733828e+01,1.300000000000000000e+01,1.072827291895631063e+01
4.143543543543543706e+01,1.300000000000000000e+01,1.072144469885436990e+01
4.153353353353352873e+01,1.300000000000000000e+01,1.071464128102380720e+01
4.163163163163162750e+01,1.300000000000000000e+01,1.070786251165657887e+01
4.172972972972972627e+01,1.300000000000000000e+01,1.070110823828327540e+01
4.182782782782782505e+01,1.300000000000000000e+01,1.069437830975816794e+01
4.192592592592592382e+01,1.300000000000000000e+01,1.068767257624446465e+01
4.202402402402402259e+01,1.300000000000000000e+01,1.068099088919976403e+01
4.212212212212212137e+01,1.300000000000000000e+01,1.067433310136170910e+01
4.222022022022022014e+01,1.300000000000000000e+01,1.066769906673382806e+01
4.231831831831831892e+01,1.300000000000000000e+01,1.066108864057157568e+01
4.241641641641641769e+01,1.300000000000000000e+01,1.065450167936855408e+01
4.251451451451450936e+01,1.300000000000000000e+01,1.064793804084291473e+01
4.261261261261260813e+01,1.300000000000000000e+01,1.064139758392396296e+01
4.271071071071070691e+01,1.300000000000000000e+01,1.063488016873891695e+01
4.280880880880880568e+01,1.300000000000000000e+01,1.062838565659984802e+01
4.290690690690690445e+01,1.300000000000000000e+01,1.062191390999081442e+01
4.300500500500500323e+01,1.400000000000000000e+01,1.161543384895024111e+01
4.310310310310310200e+01,1.400000000000000000e+01,1.160840184222485938e+01
4.320120120120120077e+01,1.400000000000000000e+01,1.160139430167242658e+01
4.329929929929929955e+01,1.400000000000000000e+01,1.159441108181535185e+01
4.339739739739739832e+01,1.400000000000000000e+01,1.158745203839068161e+01
4.349549549549549710e+01,1.400000000000000000e+01,1.158051702833709662e+01
4.359359359359358876e+01,1.400000000000000000e+01,1.157360590978205650e+01
4.369169169169168754e+01,1.400000000000000000e+01,1.156671854202912186e+01
4.378978978978978631e+01,1.400000000000000000e+01,1.155985478554543988e+01
4.388788788788788509e+01,1.400000000000000000e+01,1.155301450194938973e+01
4.398598598598598386e+01,1.400000000000000000e+01,1.154619755399839320e+01
4.408408408408408263e+01,1.400000000000000000e+01,1.153940380557687284e+01
4.418218218218218141e+01,1.400000000000000000e+01,1.153263312168437338e+01
4.428028028028028018e+01,1.400000000000000000e+01,1.152588536842383959e+01
4.437837837837837895e+01,1.400000000000000000e+01,1.151916041299002913e+01
4.447647647647647773e+01,1.400000000000000000e+01,1.151245812365809229e+01
4.457457457457456940e+01,1.400000000000000000e+01,1.150577836977227619e+01
4.467267267267266817e+01,1.400000000000000000e+01,1.149912102173479411e+01
4.477077077077076694e+01,1.400000000000000000e+01,1.149248595099482806e+01
4.486886886886886572e+01,1.400000000000000000e+01,1.148587303003766280e+01
4.496696696696696449e+01,1.400000000000000000e+01,1.147928213237396022e+01
4.506506506506506327e+01,1.400000000000000000e+01,1.147271313252918468e+01
4.516316316316316204e+01,1.400000000000000000e+01,1.146616590603314201e+01
4.526126126126126081e+01,1.400000000000000000e+01,1.145964032940965538e+01
4.535935935935935959e+01,1.400000000000000000e+01,1.145313628016637786e+01
4.545745745745745836e+01,1.400000000000000000e+01,1.144665363678471870e+01
4.555555555555555713e+01,1.400000000000000000e+01,1.144019227870991529e+01
4.565365365365364880e+01,1.400000000000000000e+01,1.143375208634120099e+01
4.575175175175174758e+01,1.400000000000000000e+01,1.142733294102212227e+01
4.584984984984984635e+01,1.400000000000000000e+01,1.142093472503096407e+01
4.594794794794794512e+01,1.400000000000000000e+01,1.141455732157128189e+01
4.604604604604604390e+01,1.400000000000000000e+01,1.140820061476257763e+01
4.614414414414414267e+01,1.400000000000000000e+01,1.140186448963106436e+01
4.624224224224224145e+01,1.400000000000000000e+01,1.139554883210055891e+01
4.634034034034034022e+01,1.400000000000000000e+01,1.138925352898348109e+01
4.643843843843843899e+01,1.400000000000000000e+01,1.138297846797196300e+01
4.653653653653653777e+01,1.400000000000000000e+01,1.137672353762906852e+01
4.663463463463462944e+01,1.400000000000000000e+01,1.137048862738012289e+01
4.673273273273272821e+01,1.400000000000000000e+01,1.136427362750413295e+01
4.683083083083082698e+01,1.400000000000000000e+01,1.135807842912533161e+01
4.692892892892892576e+01,1.400000000000000000e+01,1.135190292420481306e+01
4.702702702702702453e+01,1.500000000000000000e+01,1.234559771462456013e+01
4.712512512512512330e+01,1.500000000000000000e+01,1.233892049848650529e+01
4.722322322322322208e+01,1.500000000000000000e+01,1.233226436399904991e+01
4.732132132132132085e+01,1.500000000000000000e+01,1.232562919715589977e+01
4.741941941941941963e+01,1.500000000000000000e+01,1.231901488481748430e+01
4.751751751751751840e+01,1.500000000000000000e+01,1.231242131470248857e+01
4.761561561561561007e+01,1.500000000000000000e+01,1.230584837537949561e+01
4.771371371371370884e+01,1.500000000000000000e+01,1.229929595625872452e+01
4.781181181181180762e+01,1.500000000000000000e+01,1.229276394758385393e+01
4.790990990990990639e+01,1.500000000000000000e+01,1.228625224042395914e+01
4.800800800800800516e+01,1.500000000000000000e+01,1.227976072666554330e+01
4.810610610610610394e+01,1.500000000000000000e+01,1.227328929900464161e+01
4.820420420420420271e+01,1.500000000000000000e+01,1.226683785093905144e+01
4.830230230230230148e+01,1.500000000000000000e+01,1.226040627676062300e+01
4.840040040040040026e+01,1.500000000000000000e+01,1.225399447154765831e+01
4.849849849849849903e+01,1.500000000000000000e+01,1.224760233115739361e+01
4.859659659659659781e+01,1.500000000000000000e+01,1.224122975221856713e+01
4.869469469469468947e+01,1.500000000000000000e+01,1.223487663212408094e+01
4.879279279279278825e+01,1.500000000000000000e+01,1.222854286902373211e+01
4.889089089089088702e+01,1.500000000000000000e+01,1.222222836181705574e+01
4.898898898898898580e+01,1.500000000000000000e+01,1.221593301014621602e+01
4.908708708708708457e+01,1.500000000000000000e+01,1.270942868482696220e+01
4.918518518518518334e+01,1.500000000000000000e+01,1.270291521747107488e+01
4.928328328328328212e+01,1.500000000000000000e+01,1.269642138090377337e+01
4.938138138138138089e+01,1.500000000000000000e+01,1.268994707367933650e+01
4.947947947947947966e+01,1.500000000000000000e+01,1.268349219508942660e+01
4.957757757757757844e+01,1.500000000000000000e+01,1.267705664515619901e+01
4.967567567567567011e+01,1.500000000000000000e+01,1.267064032462549150e+01
4.977377377377376888e+01,1.500000000000000000e+01,1.266424313496010079e+01
4.987187187187186765e+01,1.500000000000000000e+01,1.265786497833311763e+01
4.996996996996996643e+01,1.500000000000000000e+01,1.265150575762135254e+01
5.006806806806806520e+01,1.500000000000000000e+01,1.264516537639882721e+01
5.016616616616616398e+01,1.500000000000000000e+01,1.263884373893034407e+01
5.026426426426426275e+01,1.500000000000000000e+01,1.263254075016512701e+01
5.036236236236236152e+01,1.500000000000000000e+01,1.262625631573052942e+01
5.046046046046046030e+01,1.500000000000000000e+01,1.261999034192582236e+01
5.055855855855855907e+01,1.500000000000000000e+01,1.261374273571603766e+01
5.065665665665665784e+01,1.500000000000000000e+01,1.260751340472589277e+01
5.075475475475474951e+01,1.500000000000000000e+01,1.260130225723378317e+01
5.085285285285284829e+01,1.500000000000000000e+01,1.259510920216582264e+01
5.095095095095094706e+01,1.500000000000000000e+01,1.258893414908998665e+01
5.104904904904904583e+01,1.500000000000000000e+01,1.258277700821027345e+01
5.114714714714714461e+01,1.500000000000000000e+01,1.257663769036097001e+01
5.124524524524524338e+01,1.500000000000000000e+01,1.257051610700096411e+01
5.134334334334334216e+01,1.500000000000000000e+01,1.256441217020810974e+01
5.144144144144144093e+01,1.500000000000000000e+01,1.255832579267367954e+01
5.153953953953953970e+01,1.500000000000000000e+01,1.255225688769685277e+01
5.163763763763763848e+01,1.500000000000000000e+01,1.254620536917927609e+01
5.173573573573573015e+01,1.500000000000000000e+01,1.254017115161969009e+01
5.183383383383382892e+01,1.500000000000000000e+01,1.253415415010859135e+01
5.193193193193192769e+01,1.500000000000000000e+01,1.252815428032298151e+01
5.203003003003002647e+01,1.500000000000000000e+01,1.252217145852115188e+01
5.212812812812812524e+01,1.500000000000000000e+01,1.251620560153753203e+01
5.222622622622622401e+01,1.500000000000000000e+01,1.251025662677760053e+01
5.232432432432432279e+01,1.500000000000000000e+01,1.250432445221282940e+01
5.242242242242242156e+01,1.500000000000000000e+01,1.249840899637571567e+01
5.252052052052052034e+01,1.500000000000000000e+01,1.249251017835483601e+01
5.261861861861861911e+01,1.500000000000000000e+01,1.248662791778997061e+01
5.271671671671671788e+01,1.500000000000000000e+01,1.248076213486727504e+01
5.281481481481480955e+01,1.500000000000000000e+01,1.247491275031450897e+01
5.291291291291290833e+01,1.500000000000000000e+01,1.246907968539629685e+01
5.301101101101100710e+01,1.600000000000000000e+01,1.346321054271411555e+01
5.310910910910910587e+01,1.600000000000000000e+01,1.345694448669724785e+01
5.320720720720720465e+01,1.600000000000000000e+01,1.345069580793768260e+01
5.330530530530530342e+01,1.600000000000000000e+01,1.344446442365280703e+01
5.340340340340340219e+01,1.600000000000000000e+01,1.343825025161524067e+01
5.350150150150150097e+01,1.600000000000000000e+01,1.343205321014803921e+01
5.359959959959959974e+01,1.600000000000000000e+01,1.342587321811995693e+01
5.369769769769769852e+01,1.600000000000000000e+01,1.341971019494076245e+01
5.379579579579579018e+01,1.600000000000000000e+01,1.341356406055660599e+01
5.389389389389388896e+01,1.600000000000000000e+01,1.340743473544540620e+01
5.399199199199198773e+01,1.600000000000000000e+01,1.340132214061233462e+01
5.409009009009008651e+01,1.600000000000000000e+01,1.339522619758530375e+01
5.418818818818818528e+01,1.600000000000000000e+01,1.338914682841052084e+01
5.428628628628628405e+01,1.600000000000000000e+01,1.338308395564809139e+01
5.438438438438438283e+01,1.600000000000000000e+01,1.337703750236765643e+01
5.448248248248248160e+01,1.600000000000000000e+01,1.337100739214408307e+01
5.458058058058058037e+01,1.600000000000000000e+01,1.336499354905319770e+01
5.467867867867867915e+01,1.600000000000000000e+01,1.335899589766756179e+01
5.477677677677677792e+01,1.600000000000000000e+01,1.335301436305229572e+01
5.487487487487486959e+01,1.600000000000000000e+01,1.334704887076093627e+01
5.497297297297296836e+01,1.600000000000000000e+01,1.334109934683134746e+01
5.507107107107106714e+01,1.600000000000000000e+01,1.333516571778165982e+01
5.516916916916916591e+01,1.600000000000000000e+01,1.332924791060627712e+01
5.526726726726726469e+01,1.600000000000000000e+01,1.332334585277188133e+01
5.536536536536536346e+01,1.600000000000000000e+01,1.331745947221352466e+01
5.546346346346346223e+01,1.600000000000000000e+01,1.331158869733072869e+01
5.556156156156156101e+01,1.600000000000000000e+01,1.330573345698363141e+01
5.565965965965965978e+01,1.600000000000000000e+01,1.329989368048918941e+01
5.575775775775775855e+01,1.600000000000000000e+01,1.329406929761738354e+01
5.585585585585585022e+01,1.600000000000000000e+01,1.328826023858751171e+01
5.595395395395394900e+01,1.600000000000000000e+01,1.328246643406446026e+01
5.605205205205204777e+01,1.600000000000000000e+01,1.327668781515506780e+01
5.615015015015014654e+01,1.600000000000000000e+01,1.327092431340448719e+01
5.624824824824824532e+01,1.600000000000000000e+01,1.326517586079261513e+01
5.634634634634634409e+01,1.600000000000000000e+01,1.325944238973051803e+01
5.644444444444444287e+01,1.600000000000000000e+01,1.325372383305693269e+01
5.654254254254254164e+01,1.600000000000000000e+01,1.324802012403478280e+01
5.664064064064064041e+01,1.600000000000000000e+01,1.324233119634772038e+01
5.673873873873873919e+01,1.600000000000000000e+01,1.323665698409672942e+01
5.683683683683683796e+01,1.600000000000000000e+01,1.323099742179674010e+01
5.693493493493492963e+01,1.600000000000000000e+01,1.322535244437328927e+01
5.703303303303302840e+01,1.600000000000000000e+01,1.321972198715919156e+01
5.713113113113112718e+01,1.600000000000000000e+01,1.321410598589127794e+01
5.722922922922922595e+01,1.600000000000000000e+01,1.320850437670714506e+01
5.732732732732732472e+01,1.600000000000000000e+01,1.320291709614193287e+01
5.742542542542542350e+01,1.600000000000000000e+01,1.319734408112513968e+01
5.752352352352352227e+01,1.600000000000000000e+01,1.319178526897748682e+01
5.762162162162162105e+01,1.600000000000000000e+01,1.318624059740777099e+01
5.771971971971971982e+01,1.600000000000000000e+01,1.318071000450979646e+01
5.781781781781781859e+01,1.600000000000000000e+01,1.317519342875929311e+01
5.791591591591591026e+01,1.600000000000000000e+01,1.316969080901089839e+01
5.801401401401400904e+01,1.600000000000000000e+01,1.316420208449515172e+01
5.811211211211210781e+01,1.600000000000000000e+01,1.315872719481551734e+01
5.821021021021020658e+01,1.600000000000000000e+01,1.315326607994544439e+01
5.830830830830830536e+01,1.600000000000000000e+01,1.314781868022544309e+01
5.840640640640640413e+01,1.600000000000000000e+01,1.314238493636020699e+01
5.850450450450450290e+01,1.600000000000000000e+01,1.313696478941574775e+01
5.860260260260260168e+01,1.600000000000000000e+01,1.313155818081656001e+01
5.870070070070070045e+01,1.600000000000000000e+01,1.312616505234280950e+01
5.879879879879879923e+01,1.600000000000000000e+01,1.312078534612757430e+01
5.889689689689689089e+01,1.600000000000000000e+01,1.311541900465406840e+01
5.899499499499498967e+01,1.600000000000000000e+01,1.311006597075292746e+01
5.909309309309308844e+01,1.700000000000000000e+01,1.410433968074522326e+01
5.919119119119118722e+01,1.700000000000000000e+01,1.409860678576179538e+01
5.928928928928928599e+01,1.700000000000000000e+01,1.409288803106117527e+01
5.938738738738738476e+01,1.700000000000000000e+01,1.408718335658007703e+01
5.948548548548548354e+01,1.700000000000000000e+01,1.408149270261488084e+01
5.958358358358358231e+01,1.700000000000000000e+01,1.407581600981885117e+01
5.968168168168168108e+01,1.700000000000000000e+01,1.407015321919940298e+01
5.977977977977977986e+01,1.700000000000000000e+01,1.406450427211537146e+01
5.987787787787787863e+01,1.700000000000000000e+01,1.405886911027432262e+01
5.997597597597597030e+01,1.700000000000000000e+01,1.405324767572987810e+01
6.007407407407406907e+01,1.700000000000000000e+01,1.404763991087908614e+01
6.017217217217216785e+01,1.700000000000000000e+01,1.404204575845978553e+01
6.027027027027026662e+01,1.700000000000000000e+01,1.403646516154801560e+01
6.036836836836836540e+01,1.700000000000000000e+01,1.403089806355545477e+01
6.046646646646646417e+01,1.700000000000000000e+01,1.402534440822685546e+01
6.056456456456456294e+01,1.700000000000000000e+01,1.401980413963753769e+01
6.066266266266266172e+01,1.700000000000000000e+01,1.401427720219088258e+01
6.076076076076076049e+01,1.700000000000000000e+01,1.400876354061585083e+01
6.085885885885885926e+01,1.700000000000000000e+01,1.400326309996453666e+01
6.095695695695695093e+01,1.700000000000000000e+01,1.399777582560972711e+01
6.105505505505504971e+01,1.800000000000000000e+01,1.499208226052203585e+01
6.115315315315314848e+01,1.800000000000000000e+01,1.498623094828201197e+01
6.125125125125124725e+01,1.800000000000000000e+01,1.498039356954385859e+01
6.134934934934934603e+01,1.800000000000000000e+01,1.497457006712600247e+01
6.144744744744744480e+01,1.800000000000000000e+01,1.496876038417781096e+01
6.154554554554554358e+01,1.800000000000000000e+01,1.496296446417712822e+01
6.164364364364364235e+01,1.800000000000000000e+01,1.495718225092782205e+01
6.174174174174174112e+01,1.800000000000000000e+01,1.495141368855737873e+01
6.183983983983983990e+01,1.800000000000000000e+01,1.494565872151448715e+01
6.193793793793793867e+01,1.800000000000000000e+01,1.493991729456667450e+01
6.203603603603603034e+01,1.800000000000000000e+01,1.493418935279794724e+01
6.213413413413412911e+01,1.800000000000000000e+01,1.492847484160645521e+01
6.223223223223222789e+01,1.800000000000000000e+01,1.492277370670217884e+01
6.233033033033032666e+01,1.800000000000000000e+01,1.491708589410463226e+01
6.242842842842842543e+01,1.800000000000000000e+01,1.491141135014059849e+01
6.252652652652652421e+01,1.800000000000000000e+01,1.490575002144187522e+01
6.262462462462462298e+01,1.800000000000000000e+01,1.490010185494303663e+01
6.272272272272272176e+01,1.800000000000000000e+01,1.489446679787923955e+01
6.282082082082082053e+01,1.800000000000000000e+01,1.488884479778400660e+01
6.291891891891891930e+01,1.800000000000000000e+01,1.488323580248707145e+01
6.301701701701701097e+01,1.800000000000000000e+01,1.487763976011222411e+01
6.311511511511510975e+01,1.800000000000000000e+01,1.487205661907517396e+01
6.321321321321320852e+01,1.800000000000000000e+01,1.486648632808142878e+01
6.331131131131130729e+01,1.800000000000000000e+01,1.486092883612421112e+01
6.340940940940940607e+01,1.800000000000000000e+01,1.485538409248237102e+01
6.350750750750750484e+01,1.800000000000000000e+01,1.484985204671832548e+01
6.360560560560560361e+01,1.800000000000000000e+01,1.484433264867603164e+01
6.370370370370370239e+01,1.800000000000000000e+01,1.483882584847894393e+01
6.380180180180180116e+01,1.800000000000000000e+01,1.483333159652801925e+01
6.389989989989989994e+01,1.800000000000000000e+01,1.482784984349972923e+01
6.399799799799799871e+01,1.800000000000000000e+01,1.482238054034408492e+01
6.409609609609609038e+01,1.800000000000000000e+01,1.498353019929683150e+01
6.419419419419418205e+01,1.800000000000000000e+01,1.497802442944303714e+01
6.429229229229228793e+01,1.800000000000000000e+01,1.497253110228798967e+01
6.439039039039039380e+01,1.800000000000000000e+01,1.496705016931705678e+01
6.448848848848848547e+01,1.800000000000000000e+01,1.496158158228251622e+01
6.458658658658657714e+01,1.800000000000000000e+01,1.495612529320166395e+01
6.468468468468468302e+01,1.800000000000000000e+01,1.495068125435494721e+01
6.478278278278278890e+01,1.800000000000000000e+01,1.494524941828409581e+01
6.488088088088088057e+01,1.800000000000000000e+01,1.493982973779028889e+01
6.497897897897897224e+01,1.800000000000000000e+01,1.493442216593231997e+01
6.507707707707706390e+01,1.800000000000000000e+01,1.492902665602479040e+01
6.517517517517516978e+01,1.800000000000000000e+01,1.492364316163631699e+01
6.527327327327327566e+01,1.800000000000000000e+01,1.491827163658774857e+01
6.537137137137136733e+01,1.800000000000000000e+01,1.491291203495039674e+01
6.546946946946945900e+01,1.800000000000000000e+01,1.490756431104430213e+01
6.556756756756756488e+01,1.800000000000000000e+01,1.490222841943647936e+01
6.566566566566567076e+01,1.800000000000000000e+01,1.489690431493921174e+01
6.576376376376376243e+01,1.800000000000000000e+01,1.489159195260833890e+01
6.586186186186185409e+01,1.800000000000000000e+01,1.488629128774157095e+01
6.595995995995995997e+01,1.800000000000000000e+01,1.488100227587680457e+01
6.605805805805805164e+01,1.800000000000000000e+01,1.487572487279047806e+01
6.615615615615615752e+01,1.800000000000000000e+01,1.487045903449589446e+01
6.625425425425424919e+01,1.800000000000000000e+01,1.486520471724161219e+01
6.635235235235235507e+01,1.800000000000000000e+01,1.485996187750982145e+01
6.645045045045044674e+01,1.800000000000000000e+01,1.485473047201472596e+01
6.654854854854855262e+01,1.800000000000000000e+01,1.484951045770095135e+01
6.664664664664664429e+01,1.800000000000000000e+01,1.484430179174197839e+01
6.674474474474473595e+01,1.800000000000000000e+01,1.483910443153856384e+01
6.684284284284284183e+01,1.800000000000000000e+01,1.483391833471719323e+01
6.694094094094093350e+01,1.800000000000000000e+01,1.482874345912853009e+01
6.703903903903903938e+01,1.900000000000000000e+01,1.582344124574059663e+01
6.713713713713713105e+01,1.900000000000000000e+01,1.581794114314216060e+01
6.723523523523523693e+01,1.900000000000000000e+01,1.581245288509952651e+01
6.733333333333332860e+01,1.900000000000000000e+01,1.580697642756141263e+01
6.743143143143143448e+01,1.900000000000000000e+01,1.580151172670782600e+01
6.752952952952952614e+01,1.900000000000000000e+01,1.579605873894849566e+01
6.762762762762761781e+01,1.900000000000000000e+01,1.579061742092132725e+01
6.772572572572572369e+01,1.900000000000000000e+01,1.578518772949084692e+01
6.782382382382381536e+01,1.900000000000000000e+01,1.577976962174670206e+01
6.792192192192192124e+01,1.900000000000000000e+01,1.577436305500213010e+01
6.802002002002001291e+01,1.900000000000000000e+01,1.576896798679245215e+01
6.811811811811811879e+01,1.900000000000000000e+01,1.576358437487360753e+01
6.821621621621621046e+01,1.900000000000000000e+01,1.575821217722065271e+01
6.831431431431431633e+01,1.900000000000000000e+01,1.575285135202631714e+01
6.841241241241240800e+01,1.900000000000000000e+01,1.574750185769953248e+01
6.851051051051051388e+01,1.900000000000000000e+01,1.574216365286400787e+01
6.860860860860860555e+01,1.900000000000000000e+01,1.573683669635679117e+01
6.870670670670669722e+01,1.900000000000000000e+01,1.573152094722685668e+01
6.880480480480480310e+01,1.900000000000000000e+01,1.572621636473369833e+01
6.890290290290289477e+01,1.900000000000000000e+01,1.572092290834592987e+01
6.900100100100100065e+01,1.900000000000000000e+01,1.571564053773991532e+01
6.909909909909909231e+01,1.900000000000000000e+01,1.571036921279838161e+01
6.919719719719719819e+01,1.900000000000000000e+01,1.570510889360907214e+01
6.929529529529528986e+01,1.900000000000000000e+01,1.569985954046338250e+01
6.939339339339339574e+01,1.900000000000000000e+01,1.569462111385503178e+01
6.949149149149148741e+01,1.900000000000000000e+01,1.568939357447873917e+01
6.958958958958959329e+01,1.900000000000000000e+01,1.568417688322887926e+01
6.968768768768768496e+01,1.900000000000000000e+01,1.567897100119821729e+01
6.978578578578577662e+01,1.900000000000000000e+01,1.567377588967657864e+01
6.988388388388388250e+01,1.900000000000000000e+01,1.566859151014956808e+01
6.998198198198197417e+01,1.900000000000000000e+01,1.566341782429731744e+01
7.008008008008008005e+01,1.900000000000000000e+01,1.565825479399318532e+01
7.017817817817817172e+01,1.900000000000000000e+01,1.565310238130252607e+01
7.027627627627627760e+01,1.900000000000000000e+01,1.564796054848143392e+01
7.037437437437436927e+01,1.900000000000000000e+01,1.564282925797551904e+01
7.047247247247247515e+01,1.900000000000000000e+01,1.563770847241865525e+01
7.057057057057056682e+01,1.900000000000000000e+01,1.563259815463179159e+01
7.066866866866867269e+01,1.900000000000000000e+01,1.562749826762173555e+01
7.076676676676676436e+01,1.900000000000000000e+01,1.562240877457995225e+01
7.086486486486485603e+01,1.900000000000000000e+01,1.561732963888137427e+01
7.096296296296296191e+01,1.900000000000000000e+01,1.561226082408323634e+01
7.106106106106105358e+01,2.000000000000000000e+01,1.660700066676902509e+01
7.115915915915915946e+01,2.000000000000000000e+01,1.660162899192587460e+01
7.125725725725725113e+01,2.000000000000000000e+01,1.659626818396025527e+01
7.135535535535535701e+01,2.000000000000000000e+01,1.659091820485841495e+01
7.145345345345344867e+01,2.000000000000000000e+01,1.658557901679445123e+01
7.155155155155155455e+01,2.000000000000000000e+01,1.658025058212911063e+01
7.164964964964964622e+01,2.000000000000000000e+01,1.657493286340860550e+01
7.174774774774773789e+01,2.000000000000000000e+01,1.656962582336343104e+01
7.184584584584584377e+01,2.000000000000000000e+01,1.656432942490721061e+01
7.194394394394393544e+01,2.000000000000000000e+01,1.655904363113551625e+01
7.204204204204204132e+01,2.000000000000000000e+01,1.655376840532473892e+01
7.214014014014013298e+01,2.000000000000000000e+01,1.654850371093091965e+01
7.223823823823823886e+01,2.000000000000000000e+01,1.654324951158864820e+01
7.233633633633633053e+01,2.000000000000000000e+01,1.653800577110991910e+01
7.243443443443443641e+01,2.000000000000000000e+01,1.653277245348302671e+01
7.253253253253252808e+01,2.000000000000000000e+01,1.652754952287143908e+01
7.263063063063063396e+01,2.000000000000000000e+01,1.652233694361273209e+01
7.272872872872872563e+01,2.000000000000000000e+01,1.651713468021745612e+01
7.282682682682681730e+01,2.000000000000000000e+01,1.651194269736810938e+01
7.292492492492492318e+01,2.000000000000000000e+01,1.650676095991800452e+01
7.302302302302301484e+01,2.100000000000000000e+01,1.750151594169798486e+01
7.312112112112112072e+01,2.100000000000000000e+01,1.749604183422410841e+01
7.321921921921921239e+01,2.100000000000000000e+01,1.749057848222401645e+01
7.331731731731731827e+01,2.100000000000000000e+01,1.748512584913486734e+01
7.341541541541540994e+01,2.100000000000000000e+01,1.747968389856945848e+01
7.351351351351351582e+01,2.100000000000000000e+01,1.747425259431512146e+01
7.361161161161160749e+01,2.100000000000000000e+01,1.746883190033267041e+01
7.370970970970971337e+01,2.100000000000000000e+01,1.746342178075530072e+01
7.380780780780780503e+01,2.100000000000000000e+01,1.745802219988755155e+01
7.390590590590589670e+01,2.100000000000000000e+01,1.745263312220423302e+01
7.400400400400400258e+01,2.100000000000000000e+01,1.744725451234938873e+01
7.410210210210209425e+01,2.100000000000000000e+01,1.744188633513525488e+01
7.420020020020020013e+01,2.100000000000000000e+01,1.743652855554122283e+01
7.429829829829829180e+01,2.100000000000000000e+01,1.743118113871282659e+01
7.439639639639639768e+01,2.100000000000000000e+01,1.742584404996071257e+01
7.449449449449448935e+01,2.100000000000000000e+01,1.742051725475964830e+01
7.459259259259259522e+01,2.100000000000000000e+01,1.741520071874750641e+01
7.469069069069068689e+01,2.100000000000000000e+01,1.740989440772428409e+01
7.478878878878877856e+01,2.100000000000000000e+01,1.740459828765110473e+01
7.488688688688688444e+01,2.100000000000000000e+01,1.739931232464924449e+01
7.498498498498497611e+01,2.100000000000000000e+01,1.739403648499916599e+01
7.508308308308308199e+01,2.100000000000000000e+01,1.738877073513954485e+01
7.518118118118117366e+01,2.100000000000000000e+01,1.738351504166632466e+01
7.527927927927927954e+01,2.100000000000000000e+01,1.737826937133174710e+01
7.537737737737737120e+01,2.100000000000000000e+01,1.737303369104344242e+01
7.547547547547547708e+01,2.100000000000000000e+01,1.736780796786344894e+01
7.557357357357356875e+01,2.100000000000000000e+01,1.736259216900732838e+01
7.567167167167167463e+01,2.100000000000000000e+01,1.735738626184320665e+01
7.576976976976976630e+01,2.100000000000000000e+01,1.735219021389088567e+01
7.586786786786785797e+01,2.100000000000000000e+01,1.734700399282091965e+01
7.596596596596596385e+01,2.100000000000000000e+01,1.734182756645371626e+01
7.606406406406405551e+01,2.100000000000000000e+01,1.733666090275864491e+01
7.616216216216216139e+01,2.100000000000000000e+01,1.733150396985314146e+01
7.626026026026025306e+01,2.100000000000000000e+01,1.732635673600182713e+01
7.635835835835835894e+01,2.100000000000000000e+01,1.732121916961564523e+01
7.645645645645645061e+01,2.100000000000000000e+01,1.731609123925096583e+01
7.655455455455455649e+01,2.100000000000000000e+01,1.731097291360874735e+01
7.665265265265264816e+01,2.100000000000000000e+01,1.730586416153366613e+01
7.675075075075075404e+01,2.100000000000000000e+01,1.730076495201326381e+01
7.684884884884884571e+01,2.100000000000000000e+01,1.729567525417711948e+01
7.694694694694693737e+01,2.100000000000000000e+01,1.729059503729598646e+01
7.704504504504504325e+01,2.100000000000000000e+01,1.728552427078097864e+01
7.714314314314313492e+01,2.100000000000000000e+01,1.728046292418273921e+01
7.724124124124124080e+01,2.100000000000000000e+01,1.727541096719060931e+01
7.733933933933933247e+01,2.100000000000000000e+01,1.727036836963183930e+01
7.743743743743743835e+01,2.100000000000000000e+01,1.726533510147074324e+01
7.753553553553553002e+01,2.100000000000000000e+01,1.726031113280792795e+01
7.763363363363363590e+01,2.100000000000000000e+01,1.725529643387948298e+01
7.773173173173172756e+01,2.100000000000000000e+01,1.725029097505618481e+01
7.782982982982983344e+01,2.100000000000000000e+01,1.724529472684271525e+01
7.792792792792792511e+01,2.100000000000000000e+01,1.724030765987689051e+01
7.802602602602601678e+01,2.100000000000000000e+01,1.723532974492886538e+01
7.812412412412412266e+01,2.100000000000000000e+01,1.723036095290038361e+01
7.822222222222221433e+01,2.100000000000000000e+01,1.722540125482399986e+01
7.832032032032032021e+01,2.100000000000000000e+01,1.722045062186233721e+01
7.841841841841841187e+01,2.100000000000000000e+01,1.721550902530731975e+01
7.851651651651651775e+01,2.100000000000000000e+01,1.721057643657942648e+01
7.861461461461460942e+01,2.100000000000000000e+01,1.720565282722695244e+01
7.871271271271271530e+01,2.100000000000000000e+01,1.720073816892528029e+01
7.881081081081080697e+01,2.100000000000000000e+01,1.719583243347613433e+01
7.890890890890889864e+01,2.100000000000000000e+01,1.719093559280685568e+01
7.900700700700700452e+01,2.200000000000000000e+01,1.818602732108293907e+01
7.910510510510509619e+01,2.200000000000000000e+01,1.818086429109116864e+01
7.920320320320320207e+01,2.200000000000000000e+01,1.817571058509868820e+01
7.930130130130129373e+01,2.200000000000000000e+01,1.817056617392356088e+01
7.939939939939939961e+01,2.200000000000000000e+01,1.816543102851300517e+01
7.949749749749749128e+01,2.200000000000000000e+01,1.816030511994266305e+01
7.959559559559559716e+01,2.200000000000000000e+01,1.815518841941587880e+01
7.969369369369368883e+01,2.200000000000000000e+01,1.815008089826296001e+01
7.979179179179179471e+01,2.200000000000000000e+01,1.814498252794046351e+01
7.988988988988988638e+01,2.200000000000000000e+01,1.813989328003048129e+01
7.998798798798797804e+01,2.200000000000000000e+01,1.813481312623990149e+01
8.008608608608608392e+01,2.200000000000000000e+01,1.812974203839974763e+01
8.018418418418417559e+01,2.200000000000000000e+01,1.812467998846442896e+01
8.028228228228228147e+01,2.200000000000000000e+01,1.811962694851107969e+01
8.038038038038037314e+01,2.200000000000000000e+01,1.811458289073884487e+01
8.047847847847847902e+01,2.200000000000000000e+01,1.810954778746820537e+01
8.057657657657657069e+01,2.200000000000000000e+01,1.810452161114028868e+01
8.067467467467467657e+01,2.200000000000000000e+01,1.809950433431618322e+01
8.077277277277276823e+01,2.200000000000000000e+01,1.809449592967628107e+01
8.087087087087087411e+01,2.200000000000000000e+01,1.808949637001960298e+01
8.096896896896896578e+01,2.200000000000000000e+01,1.808450562826312691e+01
8.106706706706705745e+01,2.200000000000000000e+01,1.832947660157272907e+01
8.116516516516516333e+01,2.200000000000000000e+01,1.832443465956419715e+01
8.126326326326325500e+01,2.200000000000000000e+01,1.831940157570359418e+01
8.136136136136136088e+01,2.200000000000000000e+01,1.831437732300519983e+01
8.145945945945945255e+01,2.200000000000000000e+01,1.830936187459958475e+01
8.155755755755755843e+01,2.200000000000000000e+01,1.830435520373297109e+01
8.165565565565565009e+01,2.200000000000000000e+01,1.829935728376658588e+01
8.175375375375375597e+01,2.200000000000000000e+01,1.829436808817602511e+01
8.185185185185184764e+01,2.200000000000000000e+01,1.828938759055061070e+01
8.194994994994995352e+01,2.200000000000000000e+01,1.828441576459277940e+01
8.204804804804804519e+01,2.200000000000000000e+01,1.827945258411745044e+01
8.214614614614613686e+01,2.200000000000000000e+01,1.827449802305139315e+01
8.224424424424424274e+01,2.200000000000000000e+01,1.826955205543262295e+01
8.234234234234233440e+01,2.200000000000000000e+01,1.826461465540979390e+01
8.244044044044044028e+01,2.200000000000000000e+01,1.825968579724157337e+01
8.253853853853853195e+01,2.200000000000000000e+01,1.825476545529605943e+01
8.263663663663663783e+01,2.200000000000000000e+01,1.824985360405015555e+01
8.273473473473472950e+01,2.200000000000000000e+01,1.824495021808899509e+01
8.283283283283283538e+01,2.200000000000000000e+01,1.824005527210535149e+01
8.293093093093092705e+01,2.200000000000000000e+01,1.823516874089902373e+01
8.302902902902901872e+01,2.300000000000000000e+01,1.923021147035782263e+01
8.312712712712712460e+01,2.300000000000000000e+01,1.922507458909493749e+01
8.322522522522521626e+01,2.300000000000000000e+01,1.921994650507915736e+01
8.332332332332332214e+01,2.300000000000000000e+01,1.921482719217360469e+01
8.342142142142141381e+01,2.300000000000000000e+01,1.920971662435129090e+01
8.351951951951951969e+01,2.300000000000000000e+01,1.920461477569449116e+01
8.361761761761761136e+01,2.300000000000000000e+01,1.919952162039417942e+01
8.371571571571571724e+01,2.300000000000000000e+01,1.919443713274943164e+01
8.381381381381380891e+01,2.300000000000000000e+01,1.918936128716682532e+01
8.391191191191191479e+01,2.300000000000000000e+01,1.918429405815988531e+01
8.401001001001000645e+01,2.300000000000000000e+01,1.917923542034848339e+01
8.410810810810809812e+01,2.300000000000000000e+01,1.917418534845829114e+01
8.420620620620620400e+01,2.300000000000000000e+01,1.916914381732018313e+01
8.430430430430429567e+01,2.300000000000000000e+01,1.916411080186968974e+01
8.440240240240240155e+01,2.300000000000000000e+01,1.915908627714643231e+01
8.450050050050049322e+01,2.300000000000000000e+01,1.915407021829357603e+01
8.459859859859859910e+01,2.300000000000000000e+01,1.914906260055724374e+01
8.469669669669669076e+01,2.300000000000000000e+01,1.914406339928599721e+01
8.479479479479479664e+01,2.300000000000000000e+01,1.913907258993028648e+01
8.489289289289288831e+01,2.300000000000000000e+01,1.913409014804188857e+01
8.499099099099099419e+01,2.300000000000000000e+01,1.912911604927338161e+01
8.508908908908908586e+01,2.300000000000000000e+01,1.912415026937760842e+01
8.518718718718717753e+01,2.300000000000000000e+01,1.911919278420713653e+01
8.528528528528528341e+01,2.300000000000000000e+01,1.911424356971374294e+01
8.538338338338337508e+01,2.300000000000000000e+01,1.910930260194787067e+01
8.548148148148148096e+01,2.300000000000000000e+01,1.910436985705811352e+01
8.557957957957957262e+01,2.300000000000000000e+01,1.909944531129071166e+01
8.567767767767767850e+01,2.300000000000000000e+01,1.909452894098900089e+01
8.577577577577577017e+01,2.300000000000000000e+01,1.908962072259294729e+01
8.587387387387387605e+01,2.300000000000000000e+01,1.908472063263858942e+01
8.597197197197196772e+01,2.300000000000000000e+01,1.907982864775757292e+01
8.607007007007005939e+01,2.300000000000000000e+01,1.907494474467662471e+01
8.616816816816816527e+01,2.300000000000000000e+01,1.907006890021705203e+01
8.626626626626625693e+01,2.300000000000000000e+01,1.906520109129427354e+01
8.636436436436436281e+01,2.300000000000000000e+01,1.906034129491728990e+01
8.646246246246245448e+01,2.300000000000000000e+01,1.905548948818822907e+01
8.656056056056056036e+01,2.300000000000000000e+01,1.905064564830182050e+01
8.665865865865865203e+01,2.300000000000000000e+01,1.904580975254495101e+01
8.675675675675675791e+01,2.300000000000000000e+01,1.904098177829616034e+01
8.685485485485484958e+01,2.300000000000000000e+01,1.903616170302517574e+01
8.695295295295295546e+01,2.300000000000000000e+01,1.903134950429241812e+01
8.705105105105104712e+01,2.300000000000000000e+01,1.902654515974856864e+01
8.714914914914913879e+01,2.300000000000000000e+01,1.902174864713405356e+01
8.724724724724724467e+01,2.300000000000000000e+01,1.901695994427861081e+01
8.734534534534533634e+01,2.300000000000000000e+01,1.901217902910082813e+01
8.744344344344344222e+01,2.300000000000000000e+01,1.900740587960766348e+01
8.754154154154153389e+01,2.300000000000000000e+01,1.900264047389400446e+01
8.763963963963963977e+01,2.300000000000000000e+01,1.899788279014221004e+01
8.773773773773773144e+01,2.300000000000000000e+01,1.899313280662165937e+01
8.783583583583583732e+01,2.300000000000000000e+01,1.898839050168830056e+01
8.793393393393392898e+01,2.300000000000000000e+01,1.898365585378421372e+01
8.803203203203203486e+01,2.300000000000000000e+01,1.897892884143716330e+01
8.813013013013012653e+01,2.300000000000000000e+01,1.897420944326015757e+01
8.822822822822821820e+01,2.300000000000000000e+01,1.896949763795102228e+01
8.832632632632632408e+01,2.300000000000000000e+01,1.896479340429194593e+01
8.842442442442441575e+01,2.300000000000000000e+01,1.896009672114907119e+01
8.852252252252252163e+01,2.300000000000000000e+01,1.895540756747204725e+01
8.862062062062061329e+01,2.300000000000000000e+01,1.895072592229361419e+01
8.871871871871871917e+01,2.300000000000000000e+01,1.894605176472919084e+01
8.881681681681681084e+01,2.300000000000000000e+01,1.894138507397642357e+01
8.891491491491491672e+01,2.300000000000000000e+01,1.893672582931479553e+01
8.901301301301300839e+01,2.400000000000000000e+01,1.993204143937163408e+01
8.911111111111111427e+01,2.400000000000000000e+01,1.992715171315610689e+01
8.920920920920920594e+01,2.400000000000000000e+01,1.992226976139221151e+01
8.930730730730729761e+01,2.400000000000000000e+01,1.991739556260526101e+01
8.940540540540540349e+01,2.400000000000000000e+01,1.991252909540454397e+01
8.950350350350349515e+01,2.400000000000000000e+01,1.990767033848290879e+01
8.960160160160160103e+01,2.400000000000000000e+01,1.990281927061637290e+01
8.969969969969969270e+01,2.400000000000000000e+01,1.989797587066365026e+01
8.979779779779779858e+01,2.400000000000000000e+01,1.989314011756578182e+01
8.989589589589589025e+01,2.400000000000000000e+01,1.988831199034569863e+01
8.999399399399399613e+01,2.400000000000000000e+01,1.988349146810781676e+01
9.009209209209208780e+01,2.400000000000000000e+01,1.987867853003763230e+01
9.019019019019017946e+01,2.400000000000000000e+01,1.987387315540131283e+01
9.028828828828828534e+01,2.400000000000000000e+01,1.986907532354527461e+01
9.038638638638637701e+01,2.400000000000000000e+01,1.986428501389582379e+01
9.048448448448448289e+01,2.400000000000000000e+01,1.985950220595872295e+01
9.058258258258257456e+01,2.400000000000000000e+01,1.985472687931880031e+01
9.068068068068068044e+01,2.400000000000000000e+01,1.984995901363956960e+01
9.077877877877877211e+01,2.400000000000000000e+01,1.984519858866282505e+01
9.087687687687687799e+01,2.400000000000000000e+01,1.984044558420825766e+01
9.097497497497496965e+01,2.400000000000000000e+01,1.983569998017307512e+01
9.107307307307307553e+01,2.400000000000000000e+01,1.983096175653160387e+01
9.117117117117116720e+01,2.400000000000000000e+01,1.982623089333491251e+01
9.126926926926925887e+01,2.400000000000000000e+01,1.982150737071044233e+01
9.136736736736736475e+01,2.400000000000000000e+01,1.981679116886161296e+01
9.146546546546545642e+01,2.400000000000000000e+01,1.981208226806745998e+01
9.156356356356356230e+01,2.400000000000000000e+01,1.980738064868225834e+01
9.166166166166165397e+01,2.400000000000000000e+01,1.980268629113514933e+01
9.175975975975975985e+01,2.400000000000000000e+01,1.979799917592977820e+01
9.185785785785785151e+01,2.400000000000000000e+01,1.979331928364392112e+01
9.195595595595595739e+01,2.400000000000000000e+01,1.978864659492911926e+01
9.205405405405404906e+01,2.400000000000000000e+01,1.978398109051034126e+01
9.215215215215215494e+01,2.400000000000000000e+01,1.977932275118557470e+01
9.225025025025024661e+01,2.400000000000000000e+01,1.977467155782553121e+01
9.234834834834833828e+01,2.400000000000000000e+01,1.977002749137324145e+01
9.244644644644644416e+01,2.400000000000000000e+01,1.976539053284370695e+01
9.254454454454453582e+01,2.400000000000000000e+01,1.976076066332359460e+01
9.264264264264264170e+01,2.400000000000000000e+01,1.975613786397082450e+01
9.274074074074073337e+01,2.400000000000000000e+01,1.975152211601426799e+01
9.283883883883883925e+01,2.400000000000000000e+01,1.974691340075338530e+01
9.293693693693693092e+01,2.400000000000000000e+01,1.974231169955788445e+01
9.303503503503503680e+01,2.400000000000000000e+01,1.973771699386738732e+01
9.313313313313312847e+01,2.400000000000000000e+01,1.973312926519107435e+01
9.323123123123122014e+01,2.400000000000000000e+01,1.972854849510737552e+01
9.332932932932932601e+01,2.400000000000000000e+01,1.972397466526360077e+01
9.342742742742741768e+01,2.400000000000000000e+01,1.971940775737564167e+01
9.352552552552552356e+01,2.400000000000000000e+01,1.971484775322761251e+01
9.362362362362361523e+01,2.400000000000000000e+01,1.971029463467154130e+01
9.372172172172172111e+01,2.400000000000000000e+01,1.970574838362703574e+01
9.381981981981981278e+01,2.400000000000000000e+01,1.970120898208095639e+01
9.391791791791791866e+01,2.400000000000000000e+01,1.969667641208708986e+01
9.401601601601601033e+01,2.400000000000000000e+01,1.969215065576584678e+01
9.411411411411411621e+01,2.400000000000000000e+01,1.968763169530391721e+01
9.421221221221220787e+01,2.400000000000000000e+01,1.968311951295397222e+01
9.431031031031029954e+01,2.400000000000000000e+01,1.967861409103433701e+01
9.440840840840840542e+01,2.400000000000000000e+01,1.967411541192868185e+01
9.450650650650649709e+01,2.400000000000000000e+01,1.966962345808571655e+01
9.460460460460460297e+01,2.400000000000000000e+01,1.966513821201886003e+01
9.470270270270269464e+01,2.400000000000000000e+01,1.966065965630596679e+01
9.480080080080080052e+01,2.400000000000000000e+01,1.965618777358898583e+01
9.489889889889889218e+01,2.400000000000000000e+01,1.965172254657366580e+01
9.499699699699699806e+01,2.400000000000000000e+01,1.964726395802927428e+01
9.509509509509508973e+01,2.400000000000000000e+01,1.964281199078826745e+01
9.519319319319319561e+01,2.400000000000000000e+01,1.963836662774599873e+01
9.529129129129128728e+01,2.400000000000000000e+01,1.963392785186043810e+01
9.538938938938937895e+01,2.400000000000000000e+01,1.962949564615185238e+01
9.548748748748748483e+01,2.400000000000000000e+01,1.962506999370252103e+01
9.558558558558557650e+01,2.400000000000000000e+01,1.962065087765645544e+01
9.568368368368368237e+01,2.400000000000000000e+01,1.961623828121909341e+01
9.578178178178177404e+01,2.400000000000000000e+01,1.961183218765699721e+01
9.587987987987987992e+01,2.400000000000000000e+01,1.960743258029760483e+01
9.597797797797797159e+01,2.400000000000000000e+01,1.960303944252892094e+01
9.607607607607607747e+01,2.400000000000000000e+01,1.959865275779921845e+01
9.617417417417416914e+01,2.400000000000000000e+01,1.959427250961678268e+01
9.627227227227227502e+01,2.400000000000000000e+01,1.958989868154962011e+01
9.637037037037036669e+01,2.400000000000000000e+01,1.958553125722517407e+01
9.646846846846845835e+01,2.400000000000000000e+01,1.958117022033005483e+01
9.656656656656656423e+01,2.400000000000000000e+01,1.957681555460975886e+01
9.666466466466465590e+01,2.400000000000000000e+01,1.957246724386839887e+01
9.676276276276276178e+01,2.400000000000000000e+01,1.956812527196841955e+01
9.686086086086085345e+01,2.400000000000000000e+01,1.956378962283034895e+01
9.695895895895895933e+01,2.400000000000000000e+01,1.955946028043249285e+01
9.705705705705705100e+01,2.500000000000000000e+01,2.055500870297048266e+01
9.715515515515515688e+01,2.500000000000000000e+01,2.055047120560188034e+01
9.725325325325324854e+01,2.500000000000000000e+01,2.054594028728177335e+01
9.735135135135134021e+01,2.500000000000000000e+01,2.054141593140948530e+01
9.744944944944944609e+01,2.500000000000000000e+01,2.053689812144370563e+01
9.754754754754753776e+01,2.500000000000000000e+01,2.053238684090222321e+01
9.764564564564564364e+01,2.500000000000000000e+01,2.052788207336161008e+01
9.774374374374373531e+01,2.500000000000000000e+01,2.052338380245700833e+01
9.784184184184184119e+01,2.500000000000000000e+01,2.051889201188182099e+01
9.793993993993993286e+01,2.500000000000000000e+01,2.051440668538746337e+01
9.803803803803803874e+01,2.500000000000000000e+01,2.050992780678307525e+01
9.813613613613613040e+01,2.500000000000000000e+01,2.050545535993528645e+01
9.823423423423423628e+01,2.500000000000000000e+01,2.050098932876792546e+01
9.833233233233232795e+01,2.500000000000000000e+01,2.049652969726178497e+01
9.843043043043041962e+01,2.500000000000000000e+01,2.049207644945431994e+01
9.852852852852852550e+01,2.500000000000000000e+01,2.048762956943943436e+01
9.862662662662661717e+01,2.500000000000000000e+01,2.048318904136720775e+01
9.872472472472472305e+01,2.500000000000000000e+01,2.047875484944361091e+01
9.882282282282281471e+01,2.500000000000000000e+01,2.047432697793029277e+01
9.892092092092092059e+01,2.500000000000000000e+01,2.046990541114430684e+01
9.901901901901901226e+01,2.500000000000000000e+01,2.046549013345785895e+01
9.911711711711711814e+01,2.500000000000000000e+01,2.046108112929805856e+01
9.921521521521520981e+01,2.500000000000000000e+01,2.045667838314668074e+01
9.931331331331331569e+01,2.500000000000000000e+01,2.045228187953988552e+01
9.941141141141140736e+01,2.500000000000000000e+01,2.044789160306801890e+01
9.950950950950949903e+01,2.500000000000000000e+01,2.044350753837533574e+01
9.960760760760760490e+01,2.500000000000000000e+01,2.043912967015974402e+01
9.970570570570569657e+01,2.500000000000000000e+01,2.043475798317261649e+01
9.980380380380380245e+01,2.500000000000000000e+01,2.043039246221848515e+01
9.990190190190189412e+01,2.500000000000000000e+01,2.042603309215485297e+01
1.000000000000000000e+02,2.500000000000000000e+01,2.042167985789192031e+01
