t,Z_real,Z_imag
0.000000000000000000e+00,1.000000000000000000e+00,0.000000000000000000e+00
5.005005005005005309e-02,9.910216309653744338e-01,-1.337016340914698176e-01
1.001001001001001062e-01,9.647674706396996980e-01,-2.631040242859772893e-01
1.501501501501501523e-01,9.231290458350301931e-01,-3.844902661130795707e-01
2.002002002002002123e-01,8.688181637842695704e-01,-4.951312939802231528e-01
2.502502502502502724e-01,8.048870777683482247e-01,-5.934280007225214426e-01
3.003003003003003046e-01,7.343072576010289954e-01,-6.788172445028602953e-01
3.503503503503503924e-01,6.596898189105608878e-01,-7.515379849520258393e-01
4.004004004004004247e-01,5.831569692676311645e-01,-8.123594950479688936e-01
4.504504504504504570e-01,5.063286575090748531e-01,-8.623405885061063980e-01
5.005005005005005447e-01,4.303766766109884401e-01,-9.026493872092755666e-01
5.505505505505505770e-01,3.561066662535072314e-01,-9.344453126051910363e-01
6.006006006006006093e-01,2.840427872078186144e-01,-9.588116056010241861e-01
6.506506506506506415e-01,2.145023630759633204e-01,-9.767234696856770260e-01
7.007007007007007848e-01,1.476560883217375997e-01,-9.890387654594349209e-01
7.507507507507508171e-01,8.357390772026233872e-02,-9.965015815082106654e-01
8.008008008008008494e-01,2.225862174049719755e-02,-9.997522461881310774e-01
8.508508508508508816e-01,-3.633021352510735352e-02,-9.993398398869226540e-01
9.009009009009009139e-01,-9.225968858319269494e-02,-9.957349797323242768e-01
9.509509509509510572e-01,-1.456122557438378484e-01,-9.893417361949262689e-01
1.001001001001001089e+00,-1.964782178474387686e-01,-9.805081896197983538e-01
1.051051051051051122e+00,-2.449508474717660700e-01,-9.695354982273024502e-01
1.101101101101101154e+00,-2.911233109371130778e-01,-9.566855375874629974e-01
1.151151151151151186e+00,-3.350868120991062349e-01,-9.421872575859101540e-01
1.201201201201201219e+00,-3.769295474024293435e-01,-9.262419318380051836e-01
1.251251251251251251e+00,-4.167361902538750940e-01,-9.090274735851969767e-01
1.301301301301301283e+00,-4.545877121952938138e-01,-8.907019770501515277e-01
1.351351351351351537e+00,-4.905614108333387624e-01,-8.714066227664351016e-01
1.401401401401401570e+00,-5.247310577613539806e-01,-8.512680641376432211e-01
1.451451451451451602e+00,-5.571671094701770022e-01,-8.304003926568482852e-01
1.501501501501501634e+00,-5.879369445671563943e-01,-8.089067617550470546e-01
1.551551551551551666e+00,-6.171051043936750524e-01,-7.868807343754651296e-01
1.601601601601601699e+00,-6.447335233767726992e-01,-7.644074069723372222e-01
1.651651651651651731e+00,-6.708817415828237651e-01,-7.415643524407017351e-01
1.701701701701701763e+00,-6.956070959420408428e-01,-7.184224161835990330e-01
1.751751751751751796e+00,-7.189648891612220316e-01,-6.950463928065462316e-01
1.801801801801801828e+00,-7.410085369083435625e-01,-6.714956055172334182e-01
1.851851851851851860e+00,-7.617896947599313018e-01,-6.478244059601110383e-01
1.901901901901902114e+00,-7.813583668732942966e-01,-6.240826087282823620e-01
1.951951951951952147e+00,-7.997629985333040148e-01,-6.003158720015808747e-01
2.002002002002002179e+00,-8.170505547315025652e-01,-5.765660335234324974e-01
2.052052052052052211e+00,-8.332665868346638138e-01,-5.528714093393776174e-01
2.102102102102102243e+00,-8.484552892377511535e-01,-5.292670612880457925e-01
2.152152152152152276e+00,-8.626595477041106852e-01,-5.057850380892452424e-01
2.202202202202202308e+00,-8.759209808940049413e-01,-4.824545939564512387e-01
2.252252252252252340e+00,-8.882799763841732199e-01,-4.593023879264428455e-01
2.302302302302302373e+00,-8.997757222937384780e-01,-4.363526665104514035e-01
2.352352352352352405e+00,-9.104462354597241402e-01,-4.136274317997013505e-01
2.402402402402402437e+00,-9.203283869507471460e-01,-3.911465967800766275e-01
2.452452452452452469e+00,-9.294579255705160969e-01,-3.689281293072582124e-01
2.502502502502502502e+00,-9.378694998832153296e-01,-3.469881859499074905e-01
2.552552552552552534e+00,-9.455966791896114332e-01,-3.253412367124386972e-01
2.602602602602602566e+00,-9.526719737944538968e-01,-3.040001814910302524e-01
2.652652652652652598e+00,-9.591268548310136755e-01,-2.829764589890254034e-01
2.702702702702703075e+00,-9.649917738458380079e-01,-2.622801487148103128e-01
2.752752752752753107e+00,-9.702961822946232218e-01,-2.419200666015105805e-01
2.802802802802803139e+00,-9.750685510570699099e-01,-2.219038547197103584e-01
2.852852852852853172e+00,-9.793363900434768343e-01,-2.022380654985877768e-01
2.902902902902903204e+00,-9.831262679374827007e-01,-1.829282408249666980e-01
2.952952952952953236e+00,-9.864638320967649143e-01,-1.639789863518056057e-01
3.003003003003003268e+00,-9.893738286157709449e-01,-1.453940413159049427e-01
3.053053053053053301e+00,-9.918801225408644395e-01,-1.271763441380504289e-01
3.103103103103103333e+00,-9.940057182179886652e-01,-1.093280940561043857e-01
3.153153153153153365e+00,-9.957727797454359875e-01,-9.185080902228077993e-02
3.203203203203203397e+00,-9.972026514991034762e-01,-7.474538007902245540e-02
3.253253253253253430e+00,-9.983158786942674112e-01,-5.801212241327528135e-02
3.303303303303303462e+00,-9.991322279460491673e-01,-4.165082327594685219e-02
3.353353353353353494e+00,-9.996707077900830463e-01,-2.566078694183826503e-02
3.403403403403403527e+00,-9.999495891251638513e-01,-1.004087687485558447e-02
3.453453453453453559e+00,-9.999864255406404334e-01,5.210444746191003791e-03
3.503503503503503591e+00,-9.997980734928495483e-01,2.009507999453105653e-02
3.553553553553553623e+00,-9.994007122968098233e-01,3.461526051655617470e-02
3.603603603603603656e+00,-9.988098639015980940e-01,4.877351507602401687e-02
3.653653653653653688e+00,-9.980404124202100213e-01,6.257263919715362610e-02
3.703703703703703720e+00,-9.971066233871916928e-01,7.601566678911061969e-02
3.753753753753754197e+00,-9.960221627198507788e-01,8.910584364042080374e-02
3.803803803803804229e+00,-9.948001153613713621e-01,1.018466026777630762e-01
3.853853853853854261e+00,-9.934530035866235842e-01,1.142415408891008788e-01
3.903903903903904293e+00,-9.919928049538510040e-01,1.262943978163359737e-01
3.953953953953954326e+00,-9.904309698877190593e-01,1.380090355276497316e-01
4.004004004004004358e+00,-9.887784388813907199e-01,1.493894199844147397e-01
4.054054054054054390e+00,-9.870456593073584362e-01,1.604396037220925386e-01
4.104104104104104422e+00,-9.852426018287013809e-01,1.711637097687796483e-01
4.154154154154154455e+00,-9.833787764042505319e-01,1.815659167291016063e-01
4.204204204204204487e+00,-9.814632478828005935e-01,1.916504449651614539e-01
4.254254254254254519e+00,-9.795046511830847180e-01,2.014215438097511357e-01
4.304304304304304551e+00,-9.775112060576253148e-01,2.108834797507068148e-01
4.354354354354354584e+00,-9.754907314398874041e-01,2.200405255285341477e-01
4.404404404404404616e+00,-9.734506593753434744e-01,2.288969500926325285e-01
4.454454454454454648e+00,-9.713980485381299435e-01,2.374570093644592927e-01
4.504504504504504681e+00,-9.693395973359471007e-01,2.457249377588360539e-01
4.554554554554554713e+00,-9.672816566067137245e-01,2.537049404173509770e-01
4.604604604604604745e+00,-9.652302419112811505e-01,2.614011861103345269e-01
4.654654654654654777e+00,-9.631910454271780386e-01,2.688178007664296376e-01
4.704704704704704810e+00,-9.611694474489922424e-01,2.759588615909969733e-01
4.754754754754754842e+00,-9.591705275015045551e-01,2.828283917369073808e-01
4.804804804804804874e+00,-9.571990750721695029e-01,2.894303554933089218e-01
4.854854854854854906e+00,-9.552595999699386997e-01,2.957686539599364561e-01
4.904904904904904939e+00,-9.533563423177556784e-01,3.018471211764495732e-01
4.954954954954954971e+00,-9.514932821863512080e-01,3.076695206780231673e-01
5.005005005005005003e+00,-9.496741488771923700e-01,3.132395424501516201e-01
5.055055055055055035e+00,-9.479024298626574918e-01,3.185608002571402864e-01
5.105105105105105068e+00,-9.461813793916333815e-01,3.236368293203756852e-01
5.155155155155155100e+00,-9.445140267688715285e-01,3.284710843237977351e-01
5.205205205205205132e+00,-9.429031843165164295e-01,3.330669377253970831e-01
5.255255255255255165e+00,-9.413514550262686020e-01,3.374276783548246783e-01
5.305305305305305197e+00,-9.398612399106728299e-01,3.415565102784203222e-01
5.355355355355356117e+00,-9.384347450620346143e-01,3.454565519140636032e-01
5.405405405405406150e+00,-9.370739884274256193e-01,3.491308353793990960e-01
5.455455455455456182e+00,-9.357808063082355687e-01,3.525823060579026391e-01
5.505505505505506214e+00,-9.345568595926232458e-01,3.558138223683473544e-01
5.555555555555556246e+00,-9.334036397292062581e-01,3.588281557239763053e-01
5.605605605605606279e+00,-9.323224744501851236e-01,3.616279906687034362e-01
5.655655655655656311e+00,-9.313145332520607056e-01,3.642159251783156360e-01
5.705705705705706343e+00,-9.303808326419441554e-01,3.665944711155403324e-01
5.755755755755756375e+00,-9.295222411573818011e-01,3.687660548284753537e-01
5.805805805805806408e+00,-9.287394841674858625e-01,3.707330178825621880e-01
5.855855855855856440e+00,-9.280331484630186534e-01,3.724976179169697255e-01
5.905905905905906472e+00,-9.274036866429787862e-01,3.740620296167623815e-01
5.955955955955956505e+00,-9.268514213050583761e-01,3.754283457928997425e-01
6.006006006006006537e+00,-9.263765490472408715e-01,3.765985785625390880e-01
6.056056056056056569e+00,-9.259791442876460499e-01,3.775746606226625390e-01
6.106106106106106601e+00,-9.256591629095730633e-01,3.783584466105501254e-01
6.156156156156156634e+00,-9.254164457385873899e-01,3.789517145449537994e-01
6.206206206206206666e+00,-9.252507218583055915e-01,3.793561673423597180e-01
6.256256256256256698e+00,-9.251616117714219767e-01,3.795734344030213259e-01
6.306306306306306730e+00,-9.251486304123466287e-01,3.796050732618825307e-01
6.356356356356356763e+00,-9.252111900177145687e-01,3.794525712997667277e-01
6.406406406406406795e+00,-9.253486028608469693e-01,3.791173475106071611e-01
6.456456456456456827e+00,-9.255600838561294230e-01,3.786007543207417503e-01
6.506506506506506859e+00,-9.258447530391213931e-01,3.779040794565841632e-01
6.556556556556556892e+00,-9.262016379280652023e-01,3.770285478572797944e-01
6.606606606606606924e+00,-9.266296757723638811e-01,3.759753236290963585e-01
6.656656656656656956e+00,-9.271277156934035757e-01,3.747455120386786742e-01
6.706706706706706989e+00,-9.276945207230209434e-01,3.733401615423720399e-01
6.756756756756757021e+00,-9.283287697447607512e-01,3.717602658490803402e-01
6.806806806806807053e+00,-9.290290593429456623e-01,3.700067660143009363e-01
6.856856856856857085e+00,-9.297939055644666162e-01,3.680805525631253294e-01
6.906906906906907118e+00,-9.306217455980623221e-01,3.659824676402072541e-01
6.956956956956957150e+00,-9.315109393757710077e-01,3.637133071847504784e-01
7.007007007007007182e+00,-9.324597711010909062e-01,3.612738231288023516e-01
7.057057057057057214e+00,-9.334664507082914842e-01,3.586647256172048603e-01
7.107107107107107247e+00,-9.345291152572147153e-01,3.558866852476607612e-01
7.157157157157157279e+00,-9.356458302677718164e-01,3.529403353295452739e-01
7.207207207207207311e+00,-9.368145909982833475e-01,3.498262741600736692e-01
7.257257257257257343e+00,-9.380333236716564826e-01,3.465450673166555751e-01
7.307307307307307376e+00,-9.392998866533442959e-01,3.430972499642259699e-01
7.357357357357357408e+00,-9.406120715849026759e-01,3.394833291764970395e-01
7.407407407407407440e+00,-9.419676044768872103e-01,3.357037862700905650e-01
7.457457457457457473e+00,-9.433641467647378986e-01,3.317590791505758419e-01
7.507507507507508393e+00,-9.447992963311996339e-01,3.276496446695311704e-01
7.557557557557558425e+00,-9.462705884987656635e-01,3.233759009917090976e-01
7.607607607607608458e+00,-9.477754969955317632e-01,3.189382499714838448e-01
7.657657657657658490e+00,-9.493114348977567118e-01,3.143370795378143123e-01
7.707707707707708522e+00,-9.508757555523855709e-01,3.095727660868763942e-01
7.757757757757758554e+00,-9.524657534826607153e-01,3.046456768816969696e-01
7.807807807807808587e+00,-9.540786652799340128e-01,2.995561724579541285e-01
7.857857857857858619e+00,-9.557116704846552180e-01,2.943046090353153010e-01
7.907907907907908651e+00,-9.573618924594935464e-01,2.888913409335371885e-01
7.957957957957958683e+00,-9.590263992574484808e-01,2.833167229926483732e-01
8.008008008008008716e+00,-9.607022044877515654e-01,2.775811129964976254e-01
8.058058058058058748e+00,-9.623862681822911158e-01,2.716848740989518118e-01
8.108108108108108780e+00,-9.640754976652202712e-01,2.656283772520508513e-01
8.158158158158158813e+00,-9.657667484283587456e-01,2.594120036353661507e-01
8.208208208208208845e+00,-9.674568250149171433e-01,2.530361470858581430e-01
8.258258258258258877e+00,-9.691424819140255220e-01,2.465012165274702016e-01
8.308308308308308909e+00,-9.708204244684908168e-01,2.398076383996541605e-01
8.358358358358358942e+00,-9.724873097981141523e-01,2.329558590841335763e-01
8.408408408408408974e+00,-9.741397477408868522e-01,2.259463473290094782e-01
8.458458458458459006e+00,-9.757743018142948088e-01,2.187795966694006111e-01
8.508508508508509038e+00,-9.773874901989043629e-01,2.114561278437838143e-01
8.558558558558559071e+00,-9.789757867463546592e-01,2.039764912051287571e-01
8.608608608608609103e+00,-9.805356220138196077e-01,1.963412691259072973e-01
8.658658658658659135e+00,-9.820633843269437335e-01,1.885510783960399339e-01
8.708708708708709167e+00,-9.835554208732013581e-01,1.806065726127918658e-01
8.758758758758759200e+00,-9.850080388275679333e-01,1.725084445616169859e-01
8.808808808808809232e+00,-9.864175065123433894e-01,1.642574285868705908e-01
8.858858858858859264e+00,-9.877800545929009690e-01,1.558543029513323186e-01
8.908908908908909297e+00,-9.890918773110795037e-01,1.472998921834106911e-01
8.958958958958959329e+00,-9.903491337578904652e-01,1.385950694108414039e-01
9.009009009009009361e+00,-9.915479491871358464e-01,1.297407586797034718e-01
9.059059059059059393e+00,-9.926844163714930724e-01,1.207379372574680226e-01
9.109109109109109426e+00,-9.937545970025414288e-01,1.115876379188865952e-01
9.159159159159159458e+00,-9.947545231361814011e-01,1.022909512132349763e-01
9.209209209209209490e+00,-9.956801986847935160e-01,9.284902771171109348e-02
9.259259259259259522e+00,-9.965276009574618454e-01,8.326308023347296638e-02
9.309309309309309555e+00,-9.972926822495079557e-01,7.353438604885398355e-02
9.359359359359359587e+00,-9.979713714825154680e-01,6.366428905836532537e-02
9.409409409409409619e+00,-9.985595758959810997e-01,5.365420194577857210e-02
9.459459459459459651e+00,-9.990531827916420138e-01,4.350560830387258104e-02
9.509509509509509684e+00,-9.994480613314837836e-01,3.322006473110075686e-02
9.559559559559559716e+00,-9.997400643903572304e-01,2.279920289756456192e-02
9.609609609609609748e+00,-9.999250304640688869e-01,1.224473157856065947e-02
9.659659659659659781e+00,-9.999987856337435588e-01,1.558438653962971763e-03
9.709709709709709813e+00,-9.999571455871881787e-01,-9.257806928369990626e-03
9.759759759759759845e+00,-9.997959176979139828e-01,-2.020205322698850545e-02
9.809809809809809877e+00,-9.995109031624082041e-01,-3.127226342091406208e-02
9.859859859859859910e+00,-9.990978991961699807e-01,-4.246631396530499425e-02
9.909909909909909942e+00,-9.985527012889521270e-01,-5.378199279068020255e-02
9.959959959959959974e+00,-9.978711055195811364e-01,-6.521699754764009871e-02
1.001001001001001001e+01,-9.970489109306422959e-01,-7.676893389920257105e-02
1.006006006006006004e+01,-9.960819219632490729e-01,-8.843531386273158212e-02
1.011011011011011007e+01,-9.949659509520321077e-01,-1.002135542036024646e-01
1.016016016016016010e+01,-9.936968206804045467e-01,-1.121009748827186264e-01
1.021021021021021014e+01,-9.922703669960769579e-01,-1.240947975600540376e-01
1.026026026026026017e+01,-9.906824414867210216e-01,-1.361921441563707924e-01
1.031031031031031020e+01,-9.889289142155824885e-01,-1.483900354753951434e-01
1.036036036036036023e+01,-9.870056765167741775e-01,-1.606853898886420606e-01
1.041041041041041026e+01,-9.849086438498807494e-01,-1.730750220851895727e-01
1.046046046046046030e+01,-9.826337587134287288e-01,-1.855556418886775971e-01
1.051051051051051033e+01,-9.801769936166780939e-01,-1.981238531438619110e-01
1.056056056056056036e+01,-9.775343541091056077e-01,-2.107761526750446535e-01
1.061061061061061039e+01,-9.747018818668629070e-01,-2.235089293187098869e-01
1.066066066066066043e+01,-9.716756578353755724e-01,-2.363184630328112323e-01
1.071071071071071223e+01,-9.684518054272003296e-01,-2.492009240849562823e-01
1.076076076076076227e+01,-9.650264937741066529e-01,-2.621523723220030022e-01
1.081081081081081230e+01,-9.613959410323058563e-01,-2.751687565233509325e-01
1.086086086086086233e+01,-9.575564177395968768e-01,-2.882459138404404597e-01
1.091091091091091236e+01,-9.535042502231692030e-01,-3.013795693247168783e-01
1.096096096096096240e+01,-9.492358240566152183e-01,-3.145653355466215273e-01
1.101101101101101243e+01,-9.447475875647061150e-01,-3.277987123078247023e-01
1.106106106106106246e+01,-9.400360553742658221e-01,-3.410750864492892998e-01
1.111111111111111249e+01,-9.350978120095151391e-01,-3.543897317573089789e-01
1.116116116116116252e+01,-9.299295155299851512e-01,-3.677378089701506814e-01
1.121121121121121256e+01,-9.245279012091832671e-01,-3.811143658873838436e-01
1.126126126126126259e+01,-9.188897852519125609e-01,-3.945143375844458178e-01
1.131131131131131262e+01,-9.130120685481810661e-01,-4.079325467345938372e-01
1.136136136136136265e+01,-9.068917404614166289e-01,-4.213637040406572054e-01
1.141141141141141269e+01,-9.005258826487186896e-01,-4.348024087786844794e-01
1.146146146146146272e+01,-8.939116729106307835e-01,-4.482431494558700158e-01
1.151151151151151275e+01,-8.870463890679531893e-01,-4.616803045847910347e-01
1.156156156156156278e+01,-8.799274128628711278e-01,-4.751081435762329885e-01
1.161161161161161282e+01,-8.725522338817059964e-01,-4.885208277525582843e-01
1.166166166166166285e+01,-8.649184534963547666e-01,-5.019124114837907324e-01
1.171171171171171288e+01,-8.570237888214858879e-01,-5.152768434483206983e-01
1.176176176176176291e+01,-8.488660766843849625e-01,-5.286079680202141473e-01
1.181181181181181294e+01,-8.404432776042598530e-01,-5.418995267850019726e-01
1.186186186186186298e+01,-8.317534797777157429e-01,-5.551451601857491092e-01
1.191191191191191301e+01,-8.227949030670187458e-01,-5.683384093011268900e-01
1.196196196196196304e+01,-8.135659029875881298e-01,-5.814727177572396322e-01
1.201201201201201307e+01,-8.040649746911832096e-01,-5.945414337746923739e-01
1.206206206206206311e+01,-7.942907569409881630e-01,-6.075378123525415619e-01
1.211211211211211314e+01,-7.842420360749082775e-01,-6.204550175903827958e-01
1.216216216216216317e+01,-7.739177499530021098e-01,-6.332861251501429312e-01
1.221221221221221320e+01,-7.633169918851993030e-01,-6.460241248586081619e-01
1.226226226226226323e+01,-7.524390145351098624e-01,-6.586619234519578425e-01
1.231231231231231327e+01,-7.412832337957501183e-01,-6.711923474633149089e-01
1.236236236236236330e+01,-7.298492326328792634e-01,-6.836081462542684672e-01
1.241241241241241333e+01,-7.181367648916182622e-01,-6.959019951911337154e-01
1.246246246246246336e+01,-7.061457590617852276e-01,-7.080664989667673215e-01
1.251251251251251340e+01,-6.938763219975181418e-01,-7.200941950683927839e-01
1.256256256256256343e+01,-6.813287425864213986e-01,-7.319775573920322964e-01
1.261261261261261346e+01,-6.685034953636054267e-01,-7.437090000037931414e-01
1.266266266266266349e+01,-6.554012440657834837e-01,-7.552808810482516400e-01
1.271271271271271353e+01,-6.420228451205962639e-01,-7.666855068039664101e-01
1.276276276276276356e+01,-6.283693510661505499e-01,-7.779151358861099430e-01
1.281281281281281359e+01,-6.144420138958517352e-01,-7.889619835959208460e-01
1.286286286286286362e+01,-6.002422883234045381e-01,-7.998182264166545652e-01
1.291291291291291365e+01,-5.857718349628890930e-01,-8.104760066554776987e-01
1.296296296296296369e+01,-5.710325234186460763e-01,-8.209274372306808454e-01
1.301301301301301372e+01,-5.560264352799075827e-01,-8.311646066032400970e-01
1.306306306306306375e+01,-5.407558670146632718e-01,-8.411795838518787427e-01
1.311311311311311378e+01,-5.252233327576383282e-01,-8.509644238903052438e-01
1.316316316316316382e+01,-5.094315669868869634e-01,-8.605111728253648229e-01
1.321321321321321385e+01,-4.933835270836848808e-01,-8.698118734545204900e-01
1.326326326326326388e+01,-4.770823957702601259e-01,-8.788585709009777425e-01
1.331331331331331391e+01,-4.605315834199265601e-01,-8.876433183845497954e-01
1.336336336336336394e+01,-4.437347302341841937e-01,-8.961581831261687947e-01
1.341341341341341398e+01,-4.266957082812648516e-01,-9.043952523837958113e-01
1.346346346346346401e+01,-4.094186233906818573e-01,-9.123466396172449366e-01
1.351351351351351404e+01,-3.919078168983576305e-01,-9.200044907792370719e-01
1.356356356356356407e+01,-3.741678672366942071e-01,-9.273609907299010802e-01
1.361361361361361411e+01,-3.562035913644196472e-01,-9.344083697715306336e-01
1.366366366366366414e+01,-3.380200460304405574e-01,-9.411389103004820234e-01
1.371371371371371417e+01,-3.196225288665711650e-01,-9.475449535726195860e-01
1.376376376376376420e+01,-3.010165793036270743e-01,-9.536189065786936370e-01
1.381381381381381424e+01,-2.822079793055918273e-01,-9.593532490257458134e-01
1.386386386386386427e+01,-2.632027539165773256e-01,-9.647405404204436596e-01
1.391391391391391430e+01,-2.440071716153474901e-01,-9.697734272500346808e-01
1.396396396396396433e+01,-2.246277444722493133e-01,-9.744446502563959278e-01
1.401401401401401436e+01,-2.050712281034186846e-01,-9.787470517984488971e-01
1.406406406406406440e+01,-1.853446214173750106e-01,-9.826735832979586194e-01
1.411411411411411443e+01,-1.654551661488949110e-01,-9.862173127635924796e-01
1.416416416416416446e+01,-1.454103461754820970e-01,-9.893714323878198824e-01
1.421421421421421449e+01,-1.252178866116478717e-01,-9.921292662110681171e-01
1.426426426426426453e+01,-1.048857526763833231e-01,-9.944842778473215184e-01
1.431431431431431456e+01,-8.442214832934960556e-02,-9.964300782651320798e-01
1.436436436436436459e+01,-6.383551467137016378e-02,-9.979604336178069524e-01
1.441441441441441462e+01,-4.313452810508185131e-02,-9.990692731163098861e-01
1.446446446446446465e+01,-2.232809825153032890e-02,-9.997506969382267128e-01
1.451451451451451469e+01,-1.425365618904055227e-03,-9.999989841659102652e-01
1.456456456456456472e+01,1.956430098045696189e-02,-9.998086007467359426e-01
1.461461461461461475e+01,4.063130726834516399e-02,-9.991742074681798647e-01
1.466466466466466478e+01,6.176583659765389617e-02,-9.980906679402387072e-01
1.471471471471471482e+01,8.295785331131814988e-02,-9.965530565775100325e-01
1.476476476476476485e+01,1.041971063662182478e-01,-9.945566665730550815e-01
1.481481481481481488e+01,1.254731332249169329e-01,-9.920970178559767039e-01
1.486486486486486491e+01,1.467752640177448775e-01,-9.891698650244664659e-01
1.491491491491491495e+01,1.680926259777856535e-01,-9.857712052458685870e-01
1.496496496496496675e+01,1.894141481507324032e-01,-9.818972861151681331e-01
1.501501501501501679e+01,2.107285663816771404e-01,-9.775446134631007311e-01
1.506506506506506682e+01,2.320244285803970685e-01,-9.727099591049431782e-01
1.511511511511511685e+01,2.532901002665888246e-01,-9.673903685208683489e-01
1.516516516516516688e+01,2.745137703961956777e-01,-9.615831684585919303e-01
1.521521521521521692e+01,2.956834574696214912e-01,-9.552859744489137217e-01
1.526526526526526695e+01,3.167870159224809301e-01,-9.484966982245799372e-01
1.531531531531531698e+01,3.378121427991356840e-01,-9.412135550327865863e-01
1.536536536536536701e+01,3.587463847090076041e-01,-9.334350708315050094e-01
1.541541541541541704e+01,3.795771450652833945e-01,-9.251600893597220487e-01
1.546546546546546708e+01,4.002916916054769514e-01,-9.163877790715160288e-01
1.551551551551551711e+01,4.208771641927915308e-01,-9.071176399238601862e-01
1.556556556556556714e+01,4.413205828970114819e-01,-8.973495100079132980e-01
1.561561561561561717e+01,4.616088563532814160e-01,-8.870835720134916391e-01
1.566566566566566721e+01,4.817287903968004992e-01,-8.763203595163332471e-01
1.571571571571571724e+01,5.016670969710780303e-01,-8.650607630777221724e-01
1.576576576576576727e+01,5.214104033070797728e-01,-8.533060361459705589e-01
1.581581581581581730e+01,5.409452613701862811e-01,-8.410578007492355290e-01
1.586586586586586733e+01,5.602581575715090967e-01,-8.283180529691346328e-01
1.591591591591591737e+01,5.793355227398482299e-01,-8.150891681845287007e-01
1.596596596596596740e+01,5.981637423499837070e-01,-8.013739060749746068e-01
1.601601601601601743e+01,6.167291670028074435e-01,-7.871754153732338777e-01
1.606606606606606746e+01,6.350181231523626124e-01,-7.724972383562616063e-01
1.611611611611611750e+01,6.530169240742613734e-01,-7.573433150643045231e-01
1.616616616616616753e+01,6.707118810699821410e-01,-7.417179872374447536e-01
1.621621621621621756e+01,6.880893149006491738e-01,-7.256260019593807620e-01
1.626626626626626759e+01,7.051355674438670729e-01,-7.090725149980188213e-01
1.631631631631631763e+01,7.218370135665940213e-01,-6.920630938326799431e-01
1.636636636636636766e+01,7.381800732066858828e-01,-6.746037203577903707e-01
1.641641641641641769e+01,7.541512236553098436e-01,-6.567007932530605219e-01
1.646646646646646772e+01,7.697370120320299325e-01,-6.383611300102807196e-01
1.651651651651651775e+01,7.849240679439570822e-01,-6.195919686070101573e-01
1.656656656656656779e+01,7.996991163199167474e-01,-6.004009688176262793e-01
1.661661661661661782e+01,8.140489904102098384e-01,-5.807962131523569660e-01
1.666666666666666785e+01,8.279606449421319514e-01,-5.607862074150977705e-01
1.671671671671671788e+01,8.414211694209411396e-01,-5.403798808711292034e-01
1.676676676676676792e+01,8.544178015656810343e-01,-5.195865860159097904e-01
1.681681681681681795e+01,8.669379408687191146e-01,-4.984160979365586663e-01
1.686686686686686798e+01,8.789691622675755989e-01,-4.768786132577517156e-01
1.691691691691691801e+01,8.904992299171526904e-01,-4.549847486641262484e-01
1.696696696696696804e+01,9.015161110501340724e-01,-4.327455389914981465e-01
1.701701701701701808e+01,9.120079899128542555e-01,-4.101724348796674247e-01
1.706706706706706811e+01,9.219632817636561617e-01,-3.872772999797291504e-01
1.711711711711711814e+01,9.313706469203405502e-01,-3.640724077092170052e-01
1.716716716716716817e+01,9.402190048428841207e-01,-3.405704375489109204e-01
1.721721721721721821e+01,9.484975482373589895e-01,-3.167844708752605709e-01
1.726726726726726824e+01,9.561957571665312683e-01,-2.927279863230093371e-01
1.731731731731731827e+01,9.633034131523328103e-01,-2.684148546728850615e-01
1.736736736736736830e+01,9.698106132550590175e-01,-2.438593332596609708e-01
1.741741741741741833e+01,9.757077841137971053e-01,-2.190760598964295036e-01
1.746746746746746837e+01,9.809856959323240977e-01,-1.940800463112418162e-01
1.751751751751751840e+01,9.856354763943706576e-01,-1.688866710929018411e-01
1.756756756756756843e+01,9.896486244918967223e-01,-1.435116721430590159e-01
1.761761761761761846e+01,9.930170242497232680e-01,-1.179711386323981787e-01
1.766766766766766850e+01,9.957329583296419262e-01,-9.228150245904913340e-02
1.771771771771771853e+01,9.977891214968406253e-01,-6.645952920810489772e-02
1.776776776776776856e+01,9.991786339312865861e-01,-4.052230861152798097e-02
1.781781781781781859e+01,9.998950543664847368e-01,-1.448724450834583573e-02
1.786786786786786863e+01,9.999323930378335445e-01,1.162795569442664524e-02
1.791791791791791866e+01,9.992851244226249596e-01,3.780529205890183209e-02
1.796796796796796869e+01,9.979481997535800675e-01,6.402648365003843489e-02
1.801801801801801872e+01,9.959170592876678274e-01,9.027298056342153432e-02
1.806806806806806875e+01,9.931876443118293762e-01,1.165259764443923179e-01
1.811811811811811879e+01,9.897564088671455540e-01,1.427664214947327592e-01
1.816816816816816882e+01,9.856203311728910510e-01,1.689750359628322818e-01
1.821821821821821885e+01,9.807769247318590677e-01,1.951323241124272301e-01
1.826826826826826888e+01,9.752242490983240586e-01,2.212185886642667743e-01
1.831831831831831892e+01,9.689609202899802654e-01,2.472139457045142152e-01
1.836836836836836895e+01,9.619861208251970774e-01,2.730983400529730099e-01
1.841841841841841898e+01,9.542996093669975366e-01,2.988515610834181491e-01
1.846846846846846901e+01,9.459017299551862878e-01,3.244532589877714979e-01
1.851851851851851904e+01,9.367934208081681868e-01,3.498829614750199046e-01
1.856856856856856908e+01,9.269762226760863699e-01,3.751200908951354829e-01
1.861861861861861911e+01,9.164522867270576967e-01,4.001439817774931629e-01
1.866866866866866914e+01,9.052243819484357967e-01,4.249338987725885253e-01
1.871871871871871917e+01,8.932959020452158061e-01,4.494690549851282912e-01
1.876876876876876921e+01,8.806708718179467876e-01,4.737286306857730889e-01
1.881881881881881924e+01,8.673539530026852518e-01,4.976917923882366868e-01
1.886886886886886927e+01,8.533504495558763558e-01,5.213377122775445516e-01
1.891891891891891930e+01,8.386663123672901676e-01,5.446455879746487927e-01
1.896896896896896934e+01,8.233081433845227393e-01,5.675946626217780455e-01
1.901901901901901937e+01,8.072831991328460743e-01,5.901642452723119270e-01
1.906906906906906940e+01,7.905993936146481493e-01,6.123337315681299797e-01
1.911911911911911943e+01,7.732653005731296991e-01,6.340826246866786420e-01
1.916916916916916946e+01,7.552901551052656481e-01,6.553905565394300137e-01
1.921921921921921950e+01,7.366838546096404761e-01,6.762373092025328880e-01
1.926926926926926953e+01,7.174569590551879150e-01,6.966028365598883054e-01
1.931931931931931956e+01,6.976206905573916206e-01,7.164672861381935487e-01
1.936936936936936959e+01,6.771869322491598231e-01,7.358110211127391054e-01
1.941941941941941963e+01,6.561682264340397142e-01,7.546146424622349747e-01
1.946946946946946966e+01,6.345777720101870578e-01,7.728590112501678711e-01
1.951951951951951969e+01,6.124294211540382005e-01,7.905252710096810631e-01
1.956956956956956972e+01,5.897376752534498889e-01,8.075948702082353936e-01
1.961961961961961975e+01,5.665176800806067670e-01,8.240495847678629415e-01
1.966966966966966979e+01,5.427852201958963674e-01,8.398715406161184616e-01
1.971971971971971982e+01,5.185567125746440853e-01,8.550432362423423527e-01
1.976976976976976985e+01,4.938491994492872350e-01,8.695475652333793937e-01
1.981981981981981988e+01,4.686803403606756291e-01,8.833678387622005967e-01
1.986986986986986992e+01,4.430684034126253223e-01,8.964878080026449370e-01
1.991991991991991995e+01,4.170322557251722184e-01,9.088916864427656339e-01
1.996996996996996998e+01,3.905913530824047242e-01,9.205641720690939112e-01
2.002002002002002001e+01,3.637657287721490773e-01,9.314904693934701330e-01
2.007007007007007005e+01,3.365759816152770756e-01,9.416563112939415614e-01
2.012012012012012008e+01,3.090432631837354838e-01,9.510479806406973990e-01
2.017017017017017011e+01,2.811892642071933679e-01,9.596523316777890722e-01
2.022022022022022014e+01,2.530362001692471052e-01,9.674568111310750673e-01
2.027027027027027017e+01,2.246067960951699527e-01,9.744494790125667327e-01
2.032032032032032021e+01,1.959242705343491875e-01,9.806190290911058760e-01
2.037037037037037024e+01,1.670123187413701804e-01,9.859548089991908570e-01
2.042042042042042027e+01,1.378950950611244342e-01,9.904468399455285121e-01
2.047047047047047030e+01,1.085971945241540199e-01,9.940858360028489438e-01
2.052052052052052034e+01,7.914363365969581676e-02,9.968632229404091882e-01
2.057057057057057037e+01,4.955983053507855701e-02,9.987711565705801320e-01
2.062062062062062040e+01,1.987158403108092372e-02,9.998025405789363607e-01
2.067067067067067043e+01,-9.894947635711146341e-03,9.999510438072888308e-01
2.072072072072072046e+01,-3.971326913163045896e-02,9.992111169592132747e-01
2.077077077077077050e+01,-6.955657095234263343e-02,9.975780086977417138e-01
2.082082082082082053e+01,-9.939775308258753939e-02,9.950477811050748578e-01
2.087087087087087056e+01,-1.292094493536834199e-01,9.916173244743750059e-01
2.092092092092092059e+01,-1.589640524817514389e-01,9.872843714039937213e-01
2.097097097097097063e+01,-1.886337397688699902e-01,9.820475101647629934e-01
2.102102102102102066e+01,-2.181904994477521786e-01,9.759061973113709598e-01
2.107107107107107069e+01,-2.476061576496025041e-01,9.688607695092211758e-01
2.112112112112112072e+01,-2.768524059734551734e-01,9.609124545486488200e-01
2.117117117117117076e+01,-3.059008296342013988e-01,9.520633815188499494e-01
2.122122122122122079e+01,-3.347229361652691026e-01,9.423165901144376910e-01
2.127127127127127082e+01,-3.632901846507699539e-01,9.316760390481282350e-01
2.132132132132132085e+01,-3.915740154607073031e-01,9.201466135437209592e-01
2.137137137137137444e+01,-4.195458804617253623e-01,9.077341318842184759e-01
2.142142142142142447e+01,-4.471772736747613441e-01,8.944453509906614697e-01
2.147147147147147450e+01,-4.744397623497499383e-01,8.802879710080745435e-01
2.152152152152152453e+01,-5.013050184264202791e-01,8.652706388757719358e-01
2.157157157157157457e+01,-5.277448503492733201e-01,8.494029508600868805e-01
2.162162162162162460e+01,-5.537312352035697050e-01,8.326954540286195527e-01
2.167167167167167463e+01,-5.792363511382202512e-01,8.151596466460299117e-01
2.172172172172172466e+01,-6.042326100404441513e-01,7.968079774724350361e-01
2.177177177177177470e+01,-6.286926904259653170e-01,7.776538439466247343e-01
2.182182182182182473e+01,-6.525895705077496833e-01,7.577115892372973116e-01
2.187187187187187476e+01,-6.758965614051402060e-01,7.369964981468416498e-01
2.192192192192192479e+01,-6.985873404544534759e-01,7.155247918533454987e-01
2.197197197197197482e+01,-7.206359845812817522e-01,6.933136214777311235e-01
2.202202202202202486e+01,-7.420170036937944191e-01,6.703810604643328785e-01
2.207207207207207489e+01,-7.627053740556649641e-01,6.467460957644879382e-01
2.212212212212212492e+01,-7.826765715964117964e-01,6.224286178141931192e-01
2.217217217217217495e+01,-8.019066051163655784e-01,5.974494092981809112e-01
2.222222222222222499e+01,-8.203720493426353011e-01,5.718301326944609242e-01
2.227227227227227502e+01,-8.380500777920801836e-01,5.455933165945935359e-01
2.232232232232232505e+01,-8.549184953964625855e-01,5.187623407968705580e-01
2.237237237237237508e+01,-8.709557708447666080e-01,4.913614201707317553e-01
2.242242242242242511e+01,-8.861410685968770240e-01,4.634155872928583664e-01
2.247247247247247515e+01,-9.004542805227502278e-01,4.349506738565376285e-01
2.252252252252252518e+01,-9.138760571206160366e-01,4.059932908579606536e-01
2.257257257257257521e+01,-9.263878382676010714e-01,3.765708075646344577e-01
2.262262262262262524e+01,-9.379718834559110929e-01,3.467113292728846718e-01
2.267267267267267528e+01,-9.486113014675893185e-01,3.164436738630847512e-01
2.272272272272272531e+01,-9.582900794406939982e-01,2.857973471632450080e-01
2.277277277277277534e+01,-9.669931112798115791e-01,2.548025171331515515e-01
2.282282282282282537e+01,-9.747062253637877038e-01,2.234899868832542769e-01
2.287287287287287540e+01,-9.814162115037150524e-01,1.918911665442032399e-01
2.292292292292292544e+01,-9.871108471043608112e-01,1.600380440048902730e-01
2.297297297297297547e+01,-9.917789224824855587e-01,1.279631545386399061e-01
2.302302302302302550e+01,-9.954102652958196629e-01,9.569954933909556594e-02
2.307307307307307553e+01,-9.979957640368569693e-01,6.328076298915912001e-02
2.312312312312312557e+01,-9.995273905460779762e-01,3.074077988841616635e-02
2.317317317317317560e+01,-9.999982214997885643e-01,-1.886000333998948163e-03
2.322322322322322563e+01,-9.994024588283360044e-01,-3.456479839194906423e-02
2.327327327327327566e+01,-9.977354490211817195e-01,-6.726049186930531387e-02
2.332332332332332570e+01,-9.949937012760684540e-01,-9.993765266880046128e-02
2.337337337337337573e+01,-9.911749044503669337e-01,-1.325605853480059104e-01
2.342342342342342576e+01,-9.862779427735979265e-01,-1.650933663060978607e-01
2.347347347347347579e+01,-9.803029102811461337e-01,-1.974998837830420628e-01
2.352352352352352582e+01,-9.732511239302338302e-01,-2.297438786312633874e-01
2.357357357357357586e+01,-9.651251353603744754e-01,-2.617889858180035834e-01
2.362362362362362589e+01,-9.559287412617911706e-01,-2.935987766146981870e-01
2.367367367367367592e+01,-9.456669923165336167e-01,-3.251368014282621233e-01
2.372372372372372595e+01,-9.343462006784842844e-01,-3.563666332271885895e-01
2.377377377377377599e+01,-9.219739459597985354e-01,-3.872519115140924950e-01
2.382382382382382602e+01,-9.085590796929643442e-01,-4.177563867943537845e-01
2.387387387387387605e+01,-8.941117282392220256e-01,-4.478439654891774868e-01
2.392392392392392608e+01,-8.786432941157448218e-01,-4.774787552398879753e-01
2.397397397397397611e+01,-8.621664557157711073e-01,-5.066251105487225015e-01
2.402402402402402615e+01,-8.446951653976834118e-01,-5.352476787000390868e-01
2.407407407407407618e+01,-8.262446459209362715e-01,-5.633114459044717970e-01
2.412412412412412621e+01,-8.068313852086754778e-01,-5.907817836073231410e-01
2.417417417417417624e+01,-7.864731294189269972e-01,-6.176244949012301699e-01
2.422422422422422628e+01,-7.651888743082899680e-01,-6.438058609820292988e-01
2.427427427427427631e+01,-7.429988548743554633e-01,-6.692926875854811053e-01
2.432432432432432634e+01,-7.199245332650239249e-01,-6.940523513418404011e-01
2.437437437437437637e+01,-6.959885849455224038e-01,-7.180528459838658728e-01
2.442442442442442641e+01,-6.712148831158415430e-01,-7.412628283434878895e-01
2.447447447447447644e+01,-6.456284813741078876e-01,-7.636516640711019654e-01
2.452452452452452647e+01,-6.192555946234551412e-01,-7.851894730111650400e-01
2.457457457457457650e+01,-5.921235782227433075e-01,-8.058471741668483679e-01
2.462462462462462653e+01,-5.642609053838276711e-01,-8.255965301861576400e-01
2.467467467467467657e+01,-5.356971428206216412e-01,-8.444101913014920857e-01
2.472472472472472660e+01,-5.064629246579898103e-01,-8.622617386541486795e-01
2.477477477477477663e+01,-4.765899246109060461e-01,-8.791257269352154013e-01
2.482482482482482666e+01,-4.461108264471648766e-01,-8.949777262740271633e-01
2.487487487487487670e+01,-4.150592927494891615e-01,-9.097943633054086376e-01
2.492492492492492673e+01,-3.834699319958425612e-01,-9.235533613468709380e-01
2.497497497497497676e+01,-3.513782639790151152e-01,-9.362335796173375524e-01
2.502502502502502679e+01,-3.188206835900147529e-01,-9.478150514289144235e-01
2.507507507507507682e+01,-2.858344229918296509e-01,-9.582790212839513710e-01
2.512512512512512686e+01,-2.524575122134843363e-01,-9.676079808098827506e-01
2.517517517517517689e+01,-2.187287381967547295e-01,-9.757857034650874173e-01
2.522522522522522692e+01,-1.846876023308455239e-01,-9.827972779496713107e-01
2.527527527527527695e+01,-1.503742765130493542e-01,-9.886291402559288510e-01
2.532532532532532699e+01,-1.158295577762392808e-01,-9.932691042941791393e-01
2.537537537537537702e+01,-8.109482152672274624e-02,-9.967063910307533137e-01
2.542542542542542705e+01,-4.621197343874325347e-02,-9.989316560760785890e-01
2.547547547547547708e+01,-1.122340005480324844e-02,-9.999370156620914774e-01
2.552552552552552712e+01,2.382808185673860810e-02,-9.997160709496614173e-01
2.557557557557557715e+01,5.889927713212238236e-02,-9.982639306081901864e-01
2.562562562562562718e+01,9.394666517402713857e-02,-9.955772316112292408e-01
2.567567567567567721e+01,1.289264539849407920e-01,-9.916541581937066141e-01
2.572572572572572724e+01,1.637946352101771474e-01,-9.864944589182267354e-01
2.577577577577577728e+01,1.985070401259138584e-01,-9.800994617998975977e-01
2.582582582582582731e+01,2.330193965052524685e-01,-9.724720874412426941e-01
2.587587587587587734e+01,2.672873862929473487e-01,-9.636168601309779147e-01
2.592592592592592737e+01,3.012667040172897770e-01,-9.535399168627177735e-01
2.597597597597597741e+01,3.349131158651338369e-01,-9.422490142321759965e-01
2.602602602602602744e+01,3.681825193442950783e-01,-9.297535331738663311e-01
2.607607607607607747e+01,4.010310034550805813e-01,-9.160644815010628994e-01
2.612612612612612750e+01,4.334149092910538625e-01,-9.011944942154426208e-01
2.617617617617617753e+01,4.652908909872215948e-01,-8.851578315556596355e-01
2.622622622622622757e+01,4.966159769318014838e-01,-8.679703747571528849e-01
2.627627627627627760e+01,5.273476311563797259e-01,-8.496496194983875760e-01
2.632632632632632763e+01,5.574438148174511998e-01,-8.302146670119525673e-01
2.637637637637637766e+01,5.868630476810379193e-01,-8.096862128420637683e-01
2.642642642642642770e+01,6.155644695206018424e-01,-7.880865332333880646e-01
2.647647647647647773e+01,6.435079013372547729e-01,-7.654394691394754702e-01
2.652652652652652776e+01,6.706539063103316156e-01,-7.417704078424084413e-01
2.657657657657657779e+01,6.969638503851385281e-01,-7.171062621789898728e-01
2.662662662662662783e+01,7.223999624040501333e-01,-6.914754473722309891e-01
2.667667667667667786e+01,7.469253936863637922e-01,-6.649078554705685207e-01
2.672672672672672789e+01,7.705042769616849974e-01,-6.374348274010065429e-01
2.677677677677677792e+01,7.931017845612368111e-01,-6.090891226460881658e-01
2.682682682682682795e+01,8.146841857712507906e-01,-5.799048865583339429e-01
2.687687687687687799e+01,8.352189032522856493e-01,-5.499176153298320768e-01
2.692692692692692802e+01,8.546745684285533828e-01,-5.191641186382837114e-01
2.697697697697697805e+01,8.730210757513786612e-01,-4.876824799948278333e-01
2.702702702702702808e+01,8.902296357411585426e-01,-4.555120148230605293e-01
2.707707707707707812e+01,9.062728267129084303e-01,-4.226932263022374903e-01
2.712712712712712815e+01,9.211246450908339156e-01,-3.892677590120781628e-01
2.717717717717717818e+01,9.347605542184921346e-01,-3.552783504199734099e-01
2.722722722722722821e+01,9.471575315717281063e-01,-3.207687802560451051e-01
2.727727727727727824e+01,9.582941142830188053e-01,-2.857838178248104932e-01
2.732732732732732828e+01,9.681504428869475154e-01,-2.503691673066144041e-01
2.737737737737737831e+01,9.767083031981307339e-01,-2.145714111055534168e-01
2.742742742742742834e+01,9.839511662344342380e-01,-1.784379513049192678e-01
2.747747747747747837e+01,9.898642261002833509e-01,-1.420169492943962886e-01
2.752752752752752841e+01,9.944344357466337048e-01,-1.053572636379397076e-01
2.757757757757757844e+01,9.976505405265230220e-01,-6.850838625406650839e-02
2.762762762762762847e+01,9.995031094672692795e-01,-3.152037698473796751e-02
2.767767767767767850e+01,9.999845641829355758e-01,5.556203367801411733e-03
2.772772772772772854e+01,9.990892053532907102e-01,4.267036145300482503e-02
2.777777777777777857e+01,9.968132366982974668e-01,7.977074114651350190e-02
2.782782782782782860e+01,9.931547863801230003e-01,1.168056945968482668e-01
2.787787787787787863e+01,9.881139257677750143e-01,1.537233544514167993e-01
2.792792792792792866e+01,9.816926855027556797e-01,1.904717071651003124e-01
2.797797797797797870e+01,9.738950688075438400e-01,2.269986672920115411e-01
2.802802802802802873e+01,9.647270619822867488e-01,2.632521526579128524e-01
2.807807807807807876e+01,9.541966420388172665e-01,2.991801603078742544e-01
2.812812812812812879e+01,9.423137814249948896e-01,3.347308431210470059e-01
2.817817817817817883e+01,9.290904497963132780e-01,3.698525869820087908e-01
2.822822822822822886e+01,9.145406127959222475e-01,4.044940883954411537e-01
2.827827827827827889e+01,8.986802278084761175e-01,4.386044324287038942e-01
2.832832832832832892e+01,8.815272366575285234e-01,4.721331708648966452e-01
2.837837837837837895e+01,8.631015552208117780e-01,5.050304004467612851e-01
2.842842842842842899e+01,8.434250599422964401e-01,5.372468410901395375e-01
2.847847847847847902e+01,8.225215712246763955e-01,5.687339139440249491e-01
2.852852852852852905e+01,8.004168336907407921e-01,5.994438191728137522e-01
2.857857857857857908e+01,7.771384933070274448e-01,6.293296133350815280e-01
2.862862862862862912e+01,7.527160713681613213e-01,6.583452862321420573e-01
2.867867867867867915e+01,7.271809353453736469e-01,6.864458370987673863e-01
2.872872872872872918e+01,7.005662666078336098e-01,7.135873500078051546e-01
2.877877877877877921e+01,6.729070250307012113e-01,7.397270683598994312e-01
2.882882882882882924e+01,6.442399105089837708e-01,7.648234683293763103e-01
2.887887887887887928e+01,6.146033214017799784e-01,7.888363311371379138e-01
2.892892892892892931e+01,5.840373099366684695e-01,8.117268140217741568e-01
2.897897897897897934e+01,5.525835346095332445e-01,8.334575197803634206e-01
2.902902902902902937e+01,5.202852096205278221e-01,8.539925647510775431e-01
2.907907907907907941e+01,4.871870513921202628e-01,8.732976451106756466e-01
2.912912912912912944e+01,4.533352222210203508e-01,8.913401013607645806e-01
2.917917917917917947e+01,4.187772711206510512e-01,9.080889808783833006e-01
2.922922922922922950e+01,3.835620719167837644e-01,9.235150984076567759e-01
2.927927927927927954e+01,3.477397586639091043e-01,9.375910943712969514e-01
2.932932932932932957e+01,3.113616584556391786e-01,9.502914908825365048e-01
2.937937937937937960e+01,2.744802217073449846e-01,9.615927453405036518e-01
2.942942942942942963e+01,2.371489499949285540e-01,9.714733014943348621e-01
2.947947947947947966e+01,1.994223215383248704e-01,9.799136378642073764e-01
2.952952952952952970e+01,1.613557144239162189e-01,9.868963134102526347e-01
2.957957957957957973e+01,1.230053276647292693e-01,9.924060103435955460e-01
2.962962962962962976e+01,8.442810020227349554e-02,9.964295739771250604e-01
2.967967967967967979e+01,4.568162795879966015e-02,9.989560495172116195e-01
2.972972972972972983e+01,6.824079053463662572e-03,9.999767157014567420e-01
2.977977977977977986e+01,-3.208589269990259896e-02,9.994851151916421816e-01
2.982982982982982989e+01,-7.098923589063718675e-02,9.974770816352942493e-01
2.987987987987987992e+01,-1.098265910782248306e-01,9.939507633138254805e-01
2.992992992992993351e+01,-1.485383816976296734e-01,9.889066432998866452e-01
2.997997997997998354e+01,-1.870649061679429959e-01,9.823475560515121385e-01
3.003003003003003357e+01,-2.253464310661551784e-01,9.742787003756915309e-01
3.008008008008008360e+01,-2.633232852234541621e-01,9.647076486994012878e-01
3.013013013013013364e+01,-3.009359545989906959e-01,9.536443525914648500e-01
3.018018018018018367e+01,-3.381251777819423432e-01,9.411011444844437079e-01
3.023023023023023370e+01,-3.748320419704232465e-01,9.270927355514565482e-01
3.028028028028028373e+01,-4.109980792726218302e-01,9.116362096989213404e-01
3.033033033033033377e+01,-4.465653631733617623e-01,8.947510136422553995e-01
3.038038038038038380e+01,-4.814766050066646708e-01,8.764589430379817747e-01
3.043043043043043383e+01,-5.156752502730704846e-01,8.567841246520654375e-01
3.048048048048048386e+01,-5.491055746387404346e-01,8.357529945508174185e-01
3.053053053053053389e+01,-5.817127794516133710e-01,8.133942723075191505e-01
3.058058058058058393e+01,-6.134430866090476719e-01,7.897389312244675885e-01
3.063063063063063396e+01,-6.442438326099096946e-01,7.648201645773302637e-01
3.068068068068068399e+01,-6.740635616238318528e-01,7.386733478953972920e-01
3.073073073073073402e+01,-7.028521174097831503e-01,7.113359972984527602e-01
3.078078078078078406e+01,-7.305607339159736480e-01,6.828477239181176550e-01
3.083083083083083409e+01,-7.571421243933459388e-01,6.532501844386506828e-01
3.088088088088088412e+01,-7.825505688554572625e-01,6.225870277993272861e-01
3.093093093093093415e+01,-8.067419997183514768e-01,5.909038381077207358e-01
3.098098098098098419e+01,-8.296740854549713440e-01,5.582480738206420101e-01
3.103103103103103422e+01,-8.513063121004423861e-01,5.246690032562855155e-01
3.108108108108108425e+01,-8.716000624458697388e-01,4.902176365088836696e-01
3.113113113113113428e+01,-8.905186927607496861e-01,4.549466538438167174e-01
3.118118118118118431e+01,-9.080276068861855565e-01,4.189103306586589026e-01
3.123123123123123435e+01,-9.240943275439450488e-01,3.821644591024968007e-01
3.128128128128128438e+01,-9.386885647093324847e-01,3.447662664529889676e-01
3.133133133133133441e+01,-9.517822808992398853e-01,3.067743303574149150e-01
3.138138138138138444e+01,-9.633497532302612854e-01,2.682484910511049314e-01
3.143143143143143448e+01,-9.733676321059043790e-01,2.292497606728188253e-01
3.148148148148148451e+01,-9.818149963959652560e-01,1.898402298038819880e-01
3.153153153153153454e+01,-9.886734049758945098e-01,1.500829713637454044e-01
3.158158158158158457e+01,-9.939269444987149926e-01,1.100419420014404764e-01
3.163163163163163460e+01,-9.975622732773243850e-01,6.978188112810332355e-02
3.168168168168168464e+01,-9.995686611604167604e-01,2.936820774190820882e-02
3.173173173173173467e+01,-9.999380252910141653e-01,-1.113308479744365073e-02
3.178178178178178470e+01,-9.986649616426519493e-01,-5.165553588223201903e-02
3.183183183183183473e+01,-9.957467722345432204e-01,-9.213232649015577758e-02
3.188188188188188477e+01,-9.911834879336273163e-01,-1.324963895648816337e-01
3.193193193193193480e+01,-9.849778867582289488e-01,-1.726805217657551295e-01
3.198198198198198483e+01,-9.771355076051145838e-01,-2.126174964044469096e-01
3.203203203203203486e+01,-9.676646593290778586e-01,-2.522401773816765891e-01
3.208208208208208134e+01,-9.565764251116967154e-01,-2.914816339334717066e-01
3.213213213213213493e+01,-9.438846620636486273e-01,-3.302752559926218634e-01
3.218218218218218141e+01,-9.296059960129957611e-01,-3.685548699673986683e-01
3.223223223223223499e+01,-9.137598114398891580e-01,-4.062548547369475016e-01
3.228228228228228147e+01,-8.963682365266633090e-01,-4.433102576594407651e-01
3.233233233233233506e+01,-8.774561233005505612e-01,-4.796569103873819517e-01
3.238238238238238154e+01,-8.570510228551352361e-01,-5.152315442817593238e-01
3.243243243243243512e+01,-8.351831556453225280e-01,-5.499719052154582455e-01
3.248248248248248160e+01,-8.118853768595418741e-01,-5.838168675549206821e-01
3.253253253253253519e+01,-7.871931368819778951e-01,-6.167065471080322991e-01
3.258258258258258167e+01,-7.611444368667157345e-01,-6.485824128257335897e-01
3.263263263263263525e+01,-7.337797794548575059e-01,-6.793873970447057431e-01
3.268268268268268173e+01,-7.051421146750010971e-01,-7.090660040586260759e-01
3.273273273273273531e+01,-6.752767810767212886e-01,-7.375644168061945560e-01
3.278278278278278179e+01,-6.442314421560444426e-01,-7.648306014651500284e-01
3.283283283283283538e+01,-6.120560181412324496e-01,-7.908144097429556929e-01
3.288288288288288186e+01,-5.788026132166282922e-01,-8.154676786566112945e-01
3.293293293293293544e+01,-5.445254382713833330e-01,-8.387443275965316136e-01
3.298298298298298192e+01,-5.092807292694584431e-01,-8.606004524718591231e-01
3.303303303303303551e+01,-4.731266613462090098e-01,-8.809944167379210045e-01
3.308308308308308199e+01,-4.361232587462731125e-01,-8.998869391098702764e-01
3.313313313313313557e+01,-3.983323007260476389e-01,-9.172411777707614178e-01
3.318318318318318205e+01,-3.598172235535346819e-01,-9.330228108863285463e-01
3.323323323323323564e+01,-3.206430187465080794e-01,-9.472001132438311322e-01
3.328328328328328212e+01,-2.808761276990147659e-01,-9.597440288372763861e-01
3.333333333333333570e+01,-2.405843328542393578e-01,-9.706282392270897397e-01
3.338338338338338218e+01,-1.998366455903985983e-01,-9.798292275081292857e-01
3.343343343343343577e+01,-1.587031909939420338e-01,-9.873263377264582807e-01
3.348348348348348225e+01,-1.172550897024481481e-01,-9.931018295919461503e-01
3.353353353353353583e+01,-7.556433700687965882e-02,-9.971409283409796709e-01
3.358358358358358231e+01,-3.370367941022015673e-02,-9.994318696110371381e-01
3.363363363363363590e+01,8.253511153461767433e-03,-9.999659391967506972e-01
3.368368368368368237e+01,5.023336522883230237e-02,-9.987375075653195378e-01
3.373373373373373596e+01,9.216164566134545100e-02,-9.957440590176738215e-01
3.378378378378378244e+01,1.339638791080111080e-01,-9.909862153906754401e-01
3.383383383383383602e+01,1.755654890087909870e-01,-9.844677542048312358e-01
3.388388388388388250e+01,2.168919297843923399e-01,-9.761956211714956089e-01
3.393393393393393609e+01,2.578688220218728899e-01,-9.661799369832989592e-01
3.398398398398398257e+01,2.984220884047353861e-01,-9.544339983216001411e-01
3.403403403403403615e+01,3.384780901402786868e-01,-9.409742730250330034e-01
3.408408408408408263e+01,3.779637636332243700e-01,-9.258203893737748658e-01
3.413413413413413622e+01,4.168067571515896574e-01,-9.089951194548713254e-01
3.418418418418418980e+01,4.549355672278271312e-01,-8.905243565849814136e-01
3.423423423423423628e+01,4.922796745363720583e-01,-8.704370867778805643e-01
3.428428428428428987e+01,5.287696789864942959e-01,-8.487653542555325670e-01
3.433433433433433635e+01,5.643374337683894071e-01,-8.255442210128471903e-01
3.438438438438438993e+01,5.989161780897075404e-01,-8.008117204576976622e-01
3.443443443443443641e+01,6.324406683388760220e-01,-7.746088051597889157e-01
3.448448448448449000e+01,6.648473074126962645e-01,-7.469792887531003789e-01
3.453453453453453648e+01,6.960742719456159966e-01,-7.179697820489248095e-01
3.458458458458459006e+01,7.260616371797851132e-01,-6.876296234280560027e-01
3.463463463463463654e+01,7.547514992167028147e-01,-6.560108035925471537e-01
3.468468468468469013e+01,7.820880943936715513e-01,-6.231678847691651812e-01
3.473473473473473661e+01,8.080179155309806793e-01,-5.891579144685820113e-01
3.478478478478479019e+01,8.324898247993048894e-01,-5.540403339158825879e-01
3.483483483483483667e+01,8.554551629606925722e-01,-5.178768812796096244e-01
3.488488488488489025e+01,8.768678547410636570e-01,-4.807314898379395074e-01
3.493493493493493673e+01,8.966845100969512705e-01,-4.426701812322471619e-01
3.498498498498499032e+01,9.148645211451426063e-01,-4.037609539688911120e-01
3.503503503503503680e+01,9.313701545294991169e-01,-3.640736673417852565e-01
3.508508508508509038e+01,9.461666390062567489e-01,-3.236799209583501313e-01
3.513513513513513686e+01,9.592222480359089420e-01,-2.826529300625366115e-01
3.518518518518519045e+01,9.705083771775933066e-01,-2.410673968584602089e-01
3.523523523523523693e+01,9.799996160898430952e-01,-1.989993780486765673e-01
3.528528528528529051e+01,9.876738149504143971e-01,-1.565261488100138376e-01
3.533533533533533699e+01,9.935121451167244766e-01,-1.137260634400255044e-01
3.538538538538539058e+01,9.974991538581574613e-01,-7.067841291554287364e-02
3.543543543543543706e+01,9.996228130014117585e-01,-2.746327961377780999e-02
3.548548548548549064e+01,9.998745613405588539e-01,1.583861054590976827e-02
3.553553553553553712e+01,9.982493406742670716e-01,5.914603827299921845e-02
3.558558558558559071e+01,9.947456253439641571e-01,1.023774431163705506e-01
3.563563563563563719e+01,9.893654451583234755e-01,1.454510774338655110e-01
3.568568568568569077e+01,9.821144016014738964e-01,1.882851618343276134e-01
3.573573573573573725e+01,9.730016772347181986e-01,2.307980417993735212e-01
3.578578578578579084e+01,9.620400382141556239e-01,2.729083451873649535e-01
3.583583583583583732e+01,9.492458298596960775e-01,3.145351403165898563e-01
3.588588588588589090e+01,9.346389652241232637e-01,3.555980943210748091e-01
3.593593593593593738e+01,9.182429066243752436e-01,3.960176314686240651e-01
3.598598598598599096e+01,9.000846401111617379e-01,4.357150911271727711e-01
3.603603603603603744e+01,8.801946428666058697e-01,4.746128850641627150e-01
3.608608608608609103e+01,8.586068435342074645e-01,5.126346537605753761e-01
3.613613613613613751e+01,8.353585754992958190e-01,5.497054214211347656e-01
3.618618618618619109e+01,8.104905231528169995e-01,5.857517493610010506e-01
3.623623623623623757e+01,7.840466611856867774e-01,6.207018874496651462e-01
3.628628628628629116e+01,7.560741869756034683e-01,6.544859232933740723e-01
3.633633633633633764e+01,7.266234461426729352e-01,6.870359288390572861e-01
3.638638638638639122e+01,6.957478513649586471e-01,7.182861040846073575e-01
3.643643643643643770e+01,6.635037945596671261e-01,7.481729175831768330e-01
3.648648648648649129e+01,6.299505525500249670e-01,7.766352434327959964e-01
3.653653653653653777e+01,5.951501863526312830e-01,8.036144944464530537e-01
3.658658658658659135e+01,5.591674342341671489e-01,8.290547512028251242e-01
3.663663663663663783e+01,5.220695987006569450e-01,8.529028866831996902e-01
3.668668668668669142e+01,4.839264275963543471e-01,8.751086862063650607e-01
3.673673673673673790e+01,4.448099895033870710e-01,8.956249623798996362e-01
3.678678678678679148e+01,4.047945436463419311e-01,9.144076647940729830e-01
3.683683683683683796e+01,3.639564045199393250e-01,9.314159841923039806e-01
3.688688688688689155e+01,3.223738014700325838e-01,9.466124508613649180e-01
3.693693693693693803e+01,2.801267334716444068e-01,9.599630269934912308e-01
3.698698698698699161e+01,2.372968193594087449e-01,9.714371927828933106e-01
3.703703703703703809e+01,1.939671437779493524e-01,9.810080260296673016e-01
3.708708708708709167e+01,1.502220991307886833e-01,9.886522750354340694e-01
3.713713713713713815e+01,1.061472238178662320e-01,9.943504245867046398e-01
3.718718718718719174e+01,6.182903706173292768e-02,9.980867548344777296e-01
3.723723723723723822e+01,1.735487063260932397e-02,9.998493928914121698e-01
3.728728728728729180e+01,-2.718730220810016210e-02,9.996303569813420609e-01
3.733733733733733828e+01,-7.170904021738117029e-02,9.974255929898240280e-01
3.738738738738739187e+01,-1.161216097966147331e-01,9.932350032788024308e-01
3.743743743743743835e+01,-1.603361623900120547e-01,9.870624676432813160e-01
3.748748748748749193e+01,-2.042639133039022836e-01,9.789158563031737925e-01
3.753753753753753841e+01,-2.478163215896658778e-01,9.688070348391196740e-01
3.758758758758759200e+01,-2.909052706272679534e-01,9.567518609970278032e-01
3.763763763763763848e+01,-3.334432490411079475e-01,9.427701733025444231e-01
3.768768768768769206e+01,-3.753435315765521474e-01,9.268857714430844830e-01
3.773773773773773854e+01,-4.165203595610972864e-01,9.091263883922269251e-01
3.778778778778779213e+01,-4.568891205725289506e-01,8.895236542680925451e-01
3.783783783783783861e+01,-4.963665269336111074e-01,8.681130519349796737e-01
3.788788788788789219e+01,-5.348707926525854139e-01,8.449338643747184019e-01
3.793793793793793867e+01,-5.723218084277832407e-01,8.200291138721550466e-01
3.798798798798799226e+01,-6.086413143359606925e-01,7.934454930764900382e-01
3.803803803803803874e+01,-6.437530698244925409e-01,7.652332880184591346e-01
3.808808808808809232e+01,-6.775830206306002745e-01,7.354462931806180492e-01
3.813813813813813880e+01,-7.100594622531625211e-01,7.041417187361858065e-01
3.818818818818819238e+01,-7.411131996069790784e-01,6.713800900892921142e-01
3.823823823823823886e+01,-7.706777024937774279e-01,6.372251398673098866e-01
3.828828828828829245e+01,-7.986892565300836022e-01,6.017436925331434150e-01
3.833833833833833893e+01,-8.250871091780883626e-01,5.650055418030386356e-01
3.838838838838839251e+01,-8.498136105333353729e-01,5.270833210720071715e-01
3.843843843843843899e+01,-8.728143485307497951e-01,4.880523670661200408e-01
3.848848848848849258e+01,-8.940382782394135086e-01,4.479905769574903385e-01
3.853853853853853906e+01,-9.134378449264417554e-01,4.069782591934582583e-01
3.858858858858859264e+01,-9.309691005804638930e-01,3.650979783077442642e-01
3.863863863863863912e+01,-9.465918135965610825e-01,3.224343939966290429e-01
3.868868868868869271e+01,-9.602695713367368491e-01,2.790740947575744424e-01
3.873873873873873919e+01,-9.719698752923682239e-01,2.351054264030037755e-01
3.878878878878879277e+01,-9.816642285889493058e-01,1.906183157749097024e-01
3.883883883883883925e+01,-9.893282155873353023e-01,1.457040900001743133e-01
3.888888888888889284e+01,-9.949415733508830684e-01,1.004552916379687078e-01
3.893893893893893932e+01,-9.984882547630744565e-01,5.496549008414009646e-02
3.898898898898899290e+01,-9.999564830966874984e-01,9.329089607465793424e-03
3.903903903903903938e+01,-9.993387978521535153e-01,-3.635886559578874189e-02
3.908908908908909297e+01,-9.966320917001644242e-01,-8.200288893298296466e-02
3.913913913913913944e+01,-9.918376383814573316e-01,-1.275072511267238695e-01
3.918918918918919303e+01,-9.849611114350768082e-01,-1.727761816934793859e-01
3.923923923923923951e+01,-9.760125936453086792e-01,-2.177140717678981707e-01
3.928928928928929309e+01,-9.650065771166893569e-01,-2.622256778454983284e-01
3.933933933933933957e+01,-9.519619539063022273e-01,-3.062163260097267581e-01
3.938938938938939316e+01,-9.369019971624742427e-01,-3.495921162053959308e-01
3.943943943943943964e+01,-9.198543327394169689e-01,-3.922601261159767705e-01
3.948948948948949322e+01,-9.008509012779976066e-01,-4.341286141993170866e-01
3.953953953953953970e+01,-8.799279107635860075e-01,-4.751072214345206102e-01
3.958958958958959329e+01,-8.571257795930766754e-01,-5.151071713313265521e-01
3.963963963963963977e+01,-8.324890702042068158e-01,-5.540414677535746568e-01
3.968968968968969335e+01,-8.060664133417464461e-01,-5.918250901088706328e-01
3.973973973973973983e+01,-7.779104230562901012e-01,-6.283751854588018881e-01
3.978978978978979342e+01,-7.480776025526791884e-01,-6.636112571069269217e-01
3.983983983983983990e+01,-7.166282410265186753e-01,-6.974553492254811360e-01
3.988988988988989348e+01,-6.836263016482307942e-01,-7.298322270869943562e-01
3.993993993993993996e+01,-6.491393008750996341e-01,-7.606695524729426561e-01
3.998998998998999355e+01,-6.132381792926748787e-01,-7.898980538384717809e-01
4.004004004004004003e+01,-5.759971642073783427e-01,-8.174516908203557364e-01
4.009009009009009361e+01,-5.374936242324848124e-01,-8.432678126843383692e-01
4.014014014014014009e+01,-4.978079161294461930e-01,-8.672873103181311105e-01
4.019019019019019368e+01,-4.570232241860960332e-01,-8.894547613873037273e-01
4.024024024024024015e+01,-4.152253924325877699e-01,-9.097185682831825382e-01
4.029029029029029374e+01,-3.725027500138765046e-01,-9.280310885051746839e-01
4.034034034034034022e+01,-3.289459300563632449e-01,-9.443487571333771813e-01
4.039039039039039380e+01,-2.846476823831893821e-01,-9.586322010624716006e-01
4.044044044044044028e+01,-2.397026804497152386e-01,-9.708463446834528776e-01
4.049049049049049387e+01,-1.942073228867278734e-01,-9.809605067163357228e-01
4.054054054054054035e+01,-1.482595300546557804e-01,-9.889484879142961260e-01
4.059059059059059393e+01,-1.019585360260316653e-01,-9.947886493780617734e-01
4.064064064064064041e+01,-5.540467642820857269e-02,-9.984639812381242985e-01
4.069069069069069400e+01,-8.699172590210838343e-03,-9.999621614822461479e-01
4.074074074074074048e+01,3.805608754925023096e-02,-9.992756047259653274e-01
4.079079079079079406e+01,8.475877130519537950e-02,-9.964015007449725791e-01
4.084084084084084054e+01,1.313063254033749461e-01,-9.913418426098350444e-01
4.089089089089089413e+01,1.775962019435477213e-01,-9.841034442858264120e-01
4.094094094094094061e+01,2.235260856740854396e-01,-9.746979475833635886e-01
4.099099099099099419e+01,2.689941220754398232e-01,-9.631418183678162048e-01
4.104104104104104067e+01,3.138991457441849264e-01,-9.494563319611234453e-01
4.109109109109109426e+01,3.581409085644267631e-01,-9.336675476917074556e-01
4.114114114114114074e+01,4.016203071494990340e-01,-9.158062725735951481e-01
4.119119119119119432e+01,4.442396090344856718e-01,-8.959080141202484526e-01
4.124124124124124080e+01,4.859026770984543053e-01,-8.740129223235519884e-01
4.129129129129129439e+01,5.265151916951286148e-01,-8.501657208534356691e-01
4.134134134134134086e+01,5.659848699717848763e-01,-8.244156275587101179e-01
4.139139139139139445e+01,6.042216818581935822e-01,-7.968162643749535645e-01
4.144144144144144093e+01,6.411380622108628913e-01,-7.674255567704920677e-01
4.149149149149149451e+01,6.766491186026648563e-01,-7.363056228864728325e-01
4.154154154154154099e+01,7.106728342534119891e-01,-7.035226525522986218e-01
4.159159159159159458e+01,7.431302656043720090e-01,-6.691467763822638304e-01
4.164164164164164106e+01,7.739457340478995695e-01,-6.332519251838544250e-01
4.169169169169169464e+01,8.030470113328638249e-01,-5.959156799324509812e-01
4.174174174174174112e+01,8.303654981773552768e-01,-5.572191125909740084e-01
4.179179179179179471e+01,8.558363956319354759e-01,-5.172466180766551735e-01
4.184184184184184119e+01,8.793988687500952084e-01,-4.760857376996845414e-01
4.189189189189189477e+01,9.009962021365588436e-01,-4.338269744212515100e-01
4.194194194194194125e+01,9.205759469595631295e-01,-3.905636003002631029e-01
4.199199199199199484e+01,9.380900590299431352e-01,-3.463914565187741768e-01
4.204204204204204132e+01,9.534950275671846276e-01,-3.014087463970708258e-01
4.209209209209209490e+01,9.667519942914561959e-01,-2.557158218286312290e-01
4.214214214214214138e+01,9.778268625002385361e-01,-2.094149635841232593e-01
4.219219219219219497e+01,9.866903958088578674e-01,-1.626101559514638306e-01
4.224224224224224145e+01,9.933183062558474941e-01,-1.154068561958702388e-01
4.229229229229229503e+01,9.976913314965518698e-01,-6.791175933987690649e-02
4.234234234234234151e+01,9.997953008317663759e-01,-2.023255877830973035e-02
4.239239239239239510e+01,9.996211898424236519e-01,2.752229674313456942e-02
4.244244244244244157e+01,9.971651634262491681e-01,7.524384924431921917e-02
4.249249249249249516e+01,9.924286070579707575e-01,1.228228801688674571e-01
4.254254254254254164e+01,9.854181461209866599e-01,1.701501610210162385e-01
4.259259259259259522e+01,9.761456531853084373e-01,2.171167054084682246e-01
4.264264264264264170e+01,9.646282431340303942e-01,2.636140219111153260e-01
4.269269269269269529e+01,9.508882560685338881e-01,3.095343671887539339e-01
4.274274274274274887e+01,9.349532279509521482e-01,3.547709987359379813e-01
4.279279279279279535e+01,9.168558489710845194e-01,3.992184266883379018e-01
4.284284284284284894e+01,8.966339096541129372e-01,4.427726640821223469e-01
4.289289289289289542e+01,8.743302347543293607e-01,4.853314749678196982e-01
4.294294294294294900e+01,8.499926050099551045e-01,5.267946197792745533e-01
4.299299299299299548e+01,8.236736668629008884e-01,5.670640973616853930e-01
4.304304304304304907e+01,7.954308302774368844e-01,6.060443830645965146e-01
4.309309309309309555e+01,7.653261548207405118e-01,6.436426623113946643e-01
4.314314314314314913e+01,7.334262241974469632e-01,6.797690590630587337e-01
4.319319319319319561e+01,6.998020094599247676e-01,7.143368586009344323e-01
4.324324324324324920e+01,6.645287211439643293e-01,7.472627240634764911e-01
4.329329329329329568e+01,6.276856506087969967e-01,7.784669061815095992e-01
4.334334334334334926e+01,5.893560008877515299e-01,8.078734456693057453e-01
4.339339339339339574e+01,5.496267073837373118e-01,8.354103677418132090e-01
4.344344344344344933e+01,5.085882487703730082e-01,8.610098682434975670e-01
4.349349349349349581e+01,4.663344484863345962e-01,8.846084908901485910e-01
4.354354354354354939e+01,4.229622672352444379e-01,9.061472951431359668e-01
4.359359359359359587e+01,3.785715869293919122e-01,9.255720142537596784e-01
4.364364364364364945e+01,3.332649865383452426e-01,9.428332030362510663e-01
4.369369369369369593e+01,2.871475103274876983e-01,9.578863749488899515e-01
4.374374374374374952e+01,2.403264289929883113e-01,9.706921280856655176e-01
4.379379379379379600e+01,1.929109942207975492e-01,9.812162597046297785e-01
4.384384384384384958e+01,1.450121872178157523e-01,9.894298689438808525e-01
4.389389389389389606e+01,9.674246178073413194e-02,9.953094474024665184e-01
4.394394394394394965e+01,4.821548248730538055e-02,9.988369572900855919e-01
4.399399399399399613e+01,-4.541413903648006795e-04,9.999998968777934483e-01
4.404404404404404971e+01,-4.915112563559740494e-02,9.987913530106043991e-01
4.409409409409409619e+01,-9.775978387099953926e-02,9.952100404726107463e-01
4.414414414414414978e+01,-1.461643027361206326e-01,9.892603280257749043e-01
4.419419419419419626e+01,-1.942490188077667657e-01,9.809522509746434471e-01
4.424424424424424984e+01,-2.418986966023411733e-01,9.703015101410944476e-01
4.429429429429429632e+01,-2.889988069924004921e-01,9.573294571655931451e-01
4.434434434434434991e+01,-3.354358053638573645e-01,9.420630660841663451e-01
4.439439439439439639e+01,-3.810974088350314593e-01,9.245348911637812916e-01
4.444444444444444997e+01,-4.258728718573554506e-01,9.047830110120151925e-01
4.449449449449449645e+01,-4.696532595149833234e-01,8.828509590111751626e-01
4.454454454454455004e+01,-5.123317178424247054e-01,8.587876401606103771e-01
4.459459459459459651e+01,-5.538037404809947883e-01,8.326472344452114926e-01
4.464464464464465010e+01,-5.939674309990866652e-01,8.044890868820689933e-01
4.469469469469469658e+01,-6.327237602068604971e-01,7.743775844313233181e-01
4.474474474474475016e+01,-6.699768178036530353e-01,7.423820199908471862e-01
4.479479479479479664e+01,-7.056340577053078489e-01,7.085764437280865913e-01
4.484484484484485023e+01,-7.396065364097360595e-01,6.730395020353513447e-01
4.489489489489489671e+01,-7.718091437711703806e-01,6.358542644279527867e-01
4.494494494494495029e+01,-8.021608255684410382e-01,5.971080387361713537e-01
4.499499499499499677e+01,-8.305847972678094271e-01,5.568921749742870020e-01
4.504504504504505036e+01,-8.570087483988614308e-01,5.153018583003723396e-01
4.509509509509509684e+01,-8.813650369808875285e-01,4.724358915108787804e-01
4.514514514514515042e+01,-9.035908734580496704e-01,4.283964675429979274e-01
4.519519519519519690e+01,-9.236284936235228393e-01,3.832889324866320946e-01
4.524524524524525049e+01,-9.414253200368567498e-01,3.372215396345582539e-01
4.529529529529529697e+01,-9.569341114637929246e-01,2.903051951257522578e-01
4.534534534534535055e+01,-9.701130998943240380e-01,2.426531957618224822e-01
4.539539539539539703e+01,-9.809261147226036037e-01,1.943809596005159901e-01
4.544544544544545062e+01,-9.893426937017093525e-01,1.456057499518669529e-01
4.549549549549549710e+01,-9.953381803162963948e-01,9.644639342476075961e-02
4.554554554554555068e+01,-9.988938072480391117e-01,4.702299268992982811e-02
4.559559559559559716e+01,-9.999967656411044015e-01,-2.543365355221741900e-03
4.564564564564565075e+01,-9.986402599087174092e-01,-5.213090531967942004e-02
4.569569569569569722e+01,-9.948235478562744705e-01,-1.016174622328992888e-01
4.574574574574575081e+01,-9.885519659319509378e-01,-1.508807829117909949e-01
4.579579579579579729e+01,-9.798369394518759989e-01,-1.997988290395635025e-01
4.584584584584585087e+01,-9.686959776838089953e-01,-2.482500812068538509e-01
4.589589589589589735e+01,-9.551526537106710402e-01,-2.961138431574298902e-01
4.594594594594595094e+01,-9.392365690332314943e-01,-3.432705454749703788e-01
4.599599599599599742e+01,-9.209833029096846646e-01,-3.896020479432416028e-01
4.604604604604605100e+01,-9.004343464683673970e-01,-4.349919398104798995e-01
4.609609609609609748e+01,-8.776370216688064163e-01,-4.793258371883440949e-01
4.614614614614615107e+01,-8.526443852255111144e-01,-5.224916768173538673e-01
4.619619619619619755e+01,-8.255151176475523656e-01,-5.643800054354758400e-01
4.624624624624625113e+01,-7.963133975861792502e-01,-6.048842639916793829e-01
4.629629629629629761e+01,-7.651087617215662773e-01,-6.439010659541506421e-01
4.634634634634635120e+01,-7.319759504579301801e-01,-6.813304689731772834e-01
4.639639639639639768e+01,-6.969947397348182916e-01,-7.170762391698618510e-01
4.644644644644645126e+01,-6.602497592993363806e-01,-7.510461073364059770e-01
4.649649649649649774e+01,-6.218302978219859556e-01,-7.831520163484355646e-01
4.654654654654655133e+01,-5.818300952741116694e-01,-8.133103591085742989e-01
4.659659659659659781e+01,-5.403471230213033882e-01,-8.414422063591773249e-01
4.664664664664665139e+01,-4.974833521213614662e-01,-8.674735237239771246e-01
4.669669669669669787e+01,-4.533445103490041372e-01,-8.913353773616424780e-01
4.674674674674675146e+01,-4.080398285023722482e-01,-9.129641276390626503e-01
4.679679679679679793e+01,-3.616817765776028093e-01,-9.323016102590775400e-01
4.684684684684685152e+01,-3.143857904277382320e-01,-9.492953043058446339e-01
4.689689689689689800e+01,-2.662699895511099202e-01,-9.638984867009864344e-01
4.694694694694695158e+01,-2.174548866818729886e-01,-9.760703725952211141e-01
4.699699699699699806e+01,-1.680630898805670070e-01,-9.857762412534583074e-01
4.704704704704705165e+01,-1.182189978471643033e-01,-9.929875470256472880e-01
4.709709709709709813e+01,-6.804848920176326255e-02,-9.976820150315217628e-01
4.714714714714715171e+01,-1.767860649747946683e-02,-9.998437212246258365e-01
4.719719719719719819e+01,3.276276424883583366e-02,-9.994631565389368033e-01
4.724724724724725178e+01,8.314721770790263478e-02,-9.965372748610232811e-01
4.729729729729729826e+01,1.333461562544197565e-01,-9.910695246107469325e-01
4.734734734734735184e+01,1.832311190196189155e-01,-9.830698637547680141e-01
4.739739739739739832e+01,2.326741121396294354e-01,-9.725547581190661095e-01
4.744744744744745191e+01,2.815479393511612360e-01,-9.595471629092104937e-01
4.749749749749749839e+01,3.297265320782842846e-01,-9.440764873905228560e-01
4.754754754754755197e+01,3.770852781513790442e-01,-9.261785427235382784e-01
4.759759759759759845e+01,4.235013482951027197e-01,-9.058954729946662177e-01
4.764764764764765204e+01,4.688540195242608677e-01,-8.832756695256266388e-01
4.769769769769769852e+01,5.130249945871050432e-01,-8.583736685901430796e-01
4.774774774774775210e+01,5.558987166016614578e-01,-8.312500327101500774e-01
4.779779779779779858e+01,5.973626780364830191e-01,-8.019712157484713000e-01
4.784784784784785217e+01,6.373077231969926926e-01,-7.706094120587064777e-01
4.789789789789789864e+01,6.756283433900923674e-01,-7.372423899966410454e-01
4.794794794794795223e+01,7.122229639533509404e-01,-7.019533101407128273e-01
4.799799799799799871e+01,7.469942223508101442e-01,-6.648305286119978730e-01
4.804804804804805229e+01,7.798492365567641915e-01,-6.259673859250431960e-01
4.809809809809809877e+01,8.106998629678876522e-01,-5.854619818432689193e-01
4.814814814814815236e+01,8.394629431079619897e-01,-5.434169367516240579e-01
4.819819819819819884e+01,8.660605384136685903e-01,-4.999391400986988865e-01
4.824824824824825242e+01,8.904201524169230719e-01,-4.551394864981762045e-01
4.829829829829829890e+01,9.124749396679241453e-01,-4.091326001164148907e-01
4.834834834834835249e+01,9.321639007743529604e-01,-3.620365480074384523e-01
4.839839839839839897e+01,9.494320629644615872e-01,-3.139725430910268456e-01
4.844844844844845255e+01,9.642306456167215600e-01,-2.650646375010448641e-01
4.849849849849849903e+01,9.765172102348598226e-01,-2.154394070617688950e-01
4.854854854854855262e+01,9.862557943850921438e-01,-1.652256276787313072e-01
4.859859859859859910e+01,9.934170291521323692e-01,-1.145539444565368409e-01
4.864864864864865268e+01,9.979782397113520220e-01,-6.355653438184924453e-02
4.869869869869869916e+01,9.999235286571878101e-01,-1.236676343099266280e-02
4.874874874874875275e+01,9.992438417713780385e-01,3.888116101632223959e-02
4.879879879879879923e+01,9.959370159597263905e-01,9.005254155900181690e-02
4.884884884884885281e+01,9.900078091319043372e-01,1.410125450371236544e-01
4.889889889889889929e+01,9.814679118458361495e-01,1.916265587463646392e-01
4.894894894894895288e+01,9.703359405858732467e-01,2.417605476650990515e-01
4.899899899899899935e+01,9.566374125924826943e-01,2.912814117453429441e-01
4.904904904904905294e+01,9.404047022101148512e-01,3.400573423131829642e-01
4.909909909909909942e+01,9.216769787695874294e-01,3.879581766198072490e-01
4.914914914914915300e+01,9.005001260707785615e-01,4.348557495842866327e-01
4.919919919919919948e+01,8.769266435818585670e-01,4.806242417692391800e-01
4.924924924924925307e+01,8.510155295209157478e-01,5.251405226358326628e-01
4.929929929929929955e+01,8.228321460360511486e-01,5.682844881304667251e-01
4.934934934934935313e+01,7.924480667496093256e-01,6.099393916651119074e-01
4.939939939939939961e+01,7.599409069816697171e-01,6.499921675650232045e-01
4.944944944944945320e+01,7.253941370167141800e-01,6.883337460721916656e-01
4.949949949949949968e+01,6.888968788258137410e-01,7.248593590097682782e-01
4.954954954954955326e+01,6.505436867036114013e-01,7.594688352329366232e-01
4.959959959959959974e+01,6.104343123269461158e-01,7.920668850128305127e-01
4.964964964964965333e+01,5.686734547861713729e-01,8.225633725261296547e-01
4.969969969969969981e+01,5.253704961856603406e-01,8.508735756489521629e-01
4.974974974974975339e+01,4.806392234523964579e-01,8.769184322837998424e-01
4.979979979979979987e+01,4.345975370333429733e-01,9.006247724799446575e-01
4.984984984984985346e+01,3.873671472021765205e-01,9.219255356418148972e-01
4.989989989989989994e+01,3.390732587344332805e-01,9.407599721561350492e-01
4.994994994994995352e+01,2.898442447464339988e-01,9.570738288070410604e-01
5.000000000000000000e+01,2.398113105284050695e-01,9.708195173886075002e-01
